"cell_line","ref","min","3_times","5_times","25_times","50_times","100_times","250_times"
"1321N1XXX","0.00254261","21","20","20","20","19","17","17"
"22RV1","0.001","90","89","88","82","81","79","77"
"22RV1XXX","0.00822804","24","23","22","20","19","19","19"
"2313287","2764.858","2","1","0","0","0","0","0"
"42MGBAXXX","0.00254261","20","19","19","17","16","15","15"
"5637XXX","0.00292016","24","23","23","20","20","19","19"
"639VXXX","0.04371729","24","21","20","20","19","15","0"
"697","0.002","99","96","94","90","90","87","83"
"697XXX","0.00254261","24","23","22","20","20","19","17"
"769PXXX","0.08745405","24","21","21","15","12","0","0"
"786OXXX","0.07082496","22","20","17","17","17","16","0"
"8305C","0.002","38","35","35","33","32","30","26"
"8305CXXX","0.00994848","24","23","23","21","20","18","17"
"8505CXXX","0.01020778","24","23","23","20","18","18","17"
"8MGBAXXX","0.04198560","20","18","18","15","15","12","0"
"A172XXX","0.030916","24","23","22","19","19","18","16"
"A204","0.003","90","83","79","74","70","64","60"
"A204XXX","0.00652834","24","23","21","21","20","16","15"
"A2058","0.001","54","52","50","48","45","44","42"
"A2058XXX","0.00286317","24","23","23","21","21","19","18"
"A253XXX","0.00356690","23","22","22","20","20","19","19"
"A2780XXX","0.00464888","24","23","23","18","18","18","18"
"A375XXX","0.00714965","24","22","22","18","16","15","14"
"A3KAW","0.001","89","87","86","82","81","76","74"
"A431","0.007","52","51","51","47","47","42","38"
"A4Fuk","0.002","52","49","49","47","44","43","41"
"A549XXX","0.00499978","24","23","23","21","20","19","17"
"A673","0.001","52","50","50","48","48","48","46"
"A673XXX","0.03666379","22","20","20","18","16","15","0"
"A704","0.001","27","26","26","25","25","24","24"
"ACHNXXX","0.04573277","21","18","18","16","15","13","0"
"ALLPO","0.002","90","88","84","82","78","77","71"
"ALLSILXXX","0.00295210","24","21","21","20","20","19","17"
"AM38","0.004","92","90","90","87","86","85","83"
"AMO1XXX","0.00643435","24","22","21","19","17","16","15"
"AN3CA","0.005","52","48","48","44","44","42","39"
"AN3CAXXX","0.00854532","23","22","22","20","20","20","19"
"ARH77","0.002","39","38","38","37","33","32","30"
"AsPC1","0.007","90","88","87","81","77","75","67"
"ASPC1XXX","0.01633732","24","22","21","20","19","15","12"
"ATN1","0.001","92","90","89","86","82","79","77"
"AU565","0.001","90","88","85","83","83","80","76"
"AU565XXX","0.00520336","23","22","21","20","18","18","18"
"AZ521XXX","0.00332497","24","23","23","21","21","19","17"
"BALL1","0.067","52","50","48","45","45","45","40"
"BB49HNC","0.001","116","114","114","111","110","108","103"
"BC1","0.002","39","38","38","37","36","35","32"
"BCPAPXXX","0.08835746","24","21","20","16","16","0","0"
"BDCMXXX","0.00323887","23","22","22","22","20","19","16"
"BE13","0.001","92","90","87","83","79","78","76"
"Becker","0.001","130","127","126","121","115","111","110"
"BEN","0.014","90","86","85","76","75","71","67"
"BFTC909","0.002","66","64","62","61","59","59","55"
"BFTC909XXX","0.01221448","22","21","21","18","18","18","18"
"BGC823XXX","0.02868883","24","22","22","22","20","19","16"
"BHT101","0.001","38","36","36","36","36","34","33"
"BL41","0.001","40","39","39","36","33","31","30"
"BL41XXX","0.00280359","24","23","23","21","21","20","20"
"BL70XXX","0.00982259","24","22","21","20","19","19","17"
"BPH1","0.001","90","85","83","78","76","73","70"
"BT20","0.004","90","88","87","84","82","80","76"
"BT20XXX","0.00254261","24","23","23","22","22","22","21"
"BT474","0.012","90","87","85","79","78","75","71"
"BT474XXX","0.01655662","23","20","20","19","19","19","18"
"BT549","0.119","27","25","25","25","22","21","17"
"BT549XXX","0.00515594","24","23","22","19","19","19","18"
"BxPC3","0.002","70","68","67","65","62","62","56"
"BXPC3XXX","0.01028380","20","19","19","16","15","15","15"
"C2BBe1","0.002","86","83","83","81","80","78","72"
"C2BBE1XXX","0.05444059","23","22","22","20","18","15","0"
"C32","0.003","90","88","87","82","80","78","70"
"C32XXX","0.00667354","24","23","23","21","20","19","17"
"C3A","0.003","90","88","88","83","83","80","74"
"C3AXXX","0.02772779","22","20","20","19","18","18","15"
"C8166","0.027","92","89","89","87","87","84","79"
"CA46","0.375","40","38","37","31","25","21","19"
"CAKI1","0.005","90","88","85","80","78","71","66"
"CAKI2XXX","0.01274291","24","23","23","22","21","20","15"
"CAL120","0.004","90","88","87","82","82","79","72"
"CAL12TXXX","0.00608818","19","18","18","17","16","14","10"
"CAL27XXX","0.00267777","22","21","21","20","19","16","14"
"CAL33","0.001","90","87","87","83","81","79","76"
"CAL39","0.002","52","50","50","45","44","43","40"
"CAL54","0.005","52","51","51","48","46","45","41"
"CAL72","0.002","90","88","88","87","87","83","79"
"CAL78XXX","0.00558513","24","23","23","21","21","19","19"
"CAL851XXX","0.01636847","24","22","22","20","17","14","11"
"CALU1XXX","0.02068818","24","23","23","21","21","18","18"
"Calu3","0.033","52","50","49","46","45","42","34"
"CALU3XXX","0.04634737","23","22","22","19","17","15","0"
"Calu6","0.001","130","128","128","123","122","118","114"
"CALU6XXX","0.00351322","19","18","18","17","16","15","13"
"CAMA1","0.001","86","85","85","81","80","79","77"
"CAMA1XXX","0.01084603","24","22","22","21","20","20","20"
"CAPAN1","0.015","51","49","48","47","46","43","40"
"Capan2","0.054","52","50","49","47","44","42","37"
"CAPAN2XXX","0.00254261","24","23","23","21","19","18","16"
"CaR1","0.009","38","37","36","34","34","30","27"
"CAS1","0.001","92","91","91","90","90","89","85"
"CAS1XXX","0.02527586","24","23","22","22","20","19","18"
"CaSki","0.001","90","89","88","84","81","79","78"
"CCK81XXX","0.03814608","21","20","20","12","12","10","0"
"CCRFCEM","0.006","67","64","64","64","61","60","58"
"CESS","1.378","25","22","22","17","15","15","7"
"CFPAC1","0.014","52","50","50","48","45","43","39"
"ChaGoK1","0.005","39","37","37","37","37","35","33"
"CHL1XXX","0.00716042","24","22","22","21","19","17","17"
"CHP126","0.061","29","23","23","21","20","19","18"
"CHP134","0.140","25","23","23","16","14","10","7"
"CHP212","0.001","91","88","83","79","73","68","65"
"CHP212XXX","0.00578004","21","17","17","16","16","16","15"
"CI1XXX","0.00435680","24","23","23","20","18","18","17"
"CMK86XXX","0.01233573","24","22","21","20","19","18","17"
"COLO201XXX","0.00637875","23","21","21","18","18","16","14"
"COLO205","0.001","39","36","35","34","33","31","28"
"COLO205XXX","0.00254261","23","21","21","18","17","17","15"
"COLO320XXX","0.06702995","24","23","20","16","15","11","0"
"COLO320HSR","0.022","92","88","88","81","78","74","70"
"COLO668","0.023","90","88","88","79","77","75","69"
"COLO677XXX","0.02926437","24","23","23","20","19","16","12"
"COLO678","0.043","52","51","50","47","44","41","35"
"COLO678XXX","0.04036155","24","23","22","21","21","19","0"
"COLO679XXX","0.00885264","24","22","21","19","19","16","15"
"COLO680N","0.005","90","88","87","79","76","73","69"
"COLO684","0.008","52","48","46","45","43","40","37"
"COLO699XXX","0.02694178","24","23","22","19","17","14","10"
"COLO741","0.003","63","60","59","57","56","54","52"
"COLO741XXX","0.02005576","20","19","19","16","16","15","12"
"COLO792","0.004","52","51","51","47","46","43","42"
"COLO800","0.018","42","41","41","40","39","38","38"
"COLO824","0.006","89","88","88","86","84","83","80"
"CORL105","0.010","40","37","35","30","28","28","24"
"CORL105XXX","0.12699063","21","19","19","15","13","0","0"
"CORL23","0.001","90","87","86","83","81","78","75"
"CORL23XXX","0.03195561","24","23","22","20","19","19","16"
"CORL88","0.060","25","22","22","20","19","18","17"
"COV318XXX","0.15805970","24","23","23","21","19","0","0"
"COV504XXX","0.01918957","23","22","22","20","20","19","17"
"CP50MELB","0.005","90","85","83","76","74","73","68"
"CP67MEL","0.038","25","22","21","15","15","14","13"
"CROAP2","0.170","8","7","7","6","6","6","4"
"CW2","0.003","92","91","91","90","88","86","83"
"D263MG","0.001","130","128","128","126","121","119","115"
"D336MG","0.001","85","83","83","80","78","75","72"
"D392MG","0.001","81","80","80","77","77","75","70"
"D502MG","0.004","106","104","103","100","98","96","93"
"DAOYXXX","0.01094528","24","23","22","20","19","19","19"
"DB","0.001","59","56","54","53","52","51","49"
"DBTRG05MG","0.004","90","86","85","81","78","75","69"
"DBTRG05MGX","0.02176064","24","23","22","17","17","17","14"
"DEL","0.001","92","89","87","81","77","76","74"
"DELXXX","0.00962453","24","20","19","17","16","16","14"
"Detroit562","0.001","90","88","87","83","81","80","75"
"DETROIT562","0.01330032","23","22","22","20","20","20","16"
"DG75","0.019","40","39","36","34","33","32","31"
"DJM1","0.003","130","126","126","118","117","115","110"
"DKMG","0.007","90","87","87","82","78","76","72"
"DKMGXXX","0.01984643","24","23","22","21","20","19","19"
"DMS114","0.129","40","39","39","38","35","34","26"
"DMS114XXX","0.00578332","23","22","22","21","20","20","17"
"DMS153","0.669","40","33","32","26","23","17","10"
"DMS273","0.001","52","51","50","48","48","47","47"
"DMS79","0.051","40","39","39","37","34","33","32"
"DOHH2","0.001","92","88","87","81","78","77","73"
"DOHH2XXX","0.00254261","24","23","23","22","20","20","17"
"DOK","0.003","90","88","87","81","78","75","68"
"DoTc24510","0.004","51","50","49","48","48","46","42"
"DOV13XXX","0.00465488","24","23","23","21","20","19","19"
"DU145","0.001","90","89","89","83","83","80","76"
"DU145XXX","0.00808272","24","23","22","20","19","18","18"
"DU4475","0.004","65","62","61","53","51","49","46"
"DV90XXX","0.00758911","20","19","19","15","14","14","12"
"EB1XXX","0.01296604","23","22","22","20","20","19","17"
"EB2","1.909","33","29","26","22","19","16","9"
"EB2XXX","0.01822001","23","22","22","20","20","19","19"
"EB3","0.037","25","23","23","19","19","18","18"
"EBC1XXX","0.01874927","24","20","19","17","16","16","14"
"ECC12","0.001","29","27","27","27","27","25","25"
"ECC4","0.029","40","38","38","38","36","35","30"
"ECGI10","0.001","42","41","40","39","38","37","37"
"EFE184","0.043","38","36","36","31","30","27","21"
"EFE184XXX","0.14477713","24","22","22","19","18","0","0"
"EFM19","0.002","52","50","50","50","47","45","44"
"EFM19XXX","0.00909833","24","23","22","21","20","20","17"
"EFO21","0.010","90","85","84","80","76","73","67"
"EFO21XXX","0.03029122","24","23","23","19","18","16","15"
"EFO27","0.001","52","51","51","49","47","45","43"
"EFO27XXX","0.02042012","22","20","20","19","17","15","15"
"EGI1","0.004","90","87","86","81","78","76","72"
"EKVX","0.002","80","79","79","77","77","75","70"
"EM2XXX","0.00254261","24","22","22","18","18","16","13"
"ENXXX","0.00999075","24","23","23","22","22","22","22"
"EPLC272H","0.001","52","51","51","50","48","46","43"
"ES2XXX","0.02438791","22","20","19","18","15","15","15"
"ES3","0.001","91","90","88","87","85","84","81"
"ES5","0.001","91","89","88","84","84","81","79"
"ESS1XXX","0.00759400","19","17","17","14","14","14","14"
"EVSAT","0.500","1","0","0","0","0","0","0"
"EW1","0.001","92","88","87","82","79","78","72"
"EW11","0.002","89","86","85","84","82","81","81"
"EW12","0.023","40","39","39","38","38","38","37"
"EW13","0.003","92","90","90","85","84","83","82"
"EW18","0.018","40","39","39","39","39","39","38"
"EW22","0.001","67","66","66","65","63","62","61"
"EW24","0.004","42","39","38","38","38","34","32"
"EW3","0.031","40","38","36","34","33","33","28"
"F36PXXX","0.00399902","24","23","23","22","20","17","13"
"FADU","0.001","90","88","88","85","83","82","77"
"FADUXXX","0.00771488","23","21","21","20","19","19","15"
"FTC133","0.001","90","89","89","87","84","81","78"
"FU97XXX","0.01399087","21","19","18","18","17","17","13"
"FUOV1XXX","0.00867361","24","23","22","22","20","20","19"
"G361","234486.646","2","1","1","0","0","0","0"
"G361XXX","0.00575231","24","23","21","20","19","16","15"
"G401","0.001","52","51","51","48","47","46","45"
"G401XXX","0.00548632","24","22","22","20","19","19","18"
"G402","0.001","80","78","77","75","72","68","65"
"G402XXX","0.00312029","21","20","20","18","17","17","17"
"GAK","0.009","99","97","96","86","83","79","73"
"GAMGXXX","0.01700017","20","19","19","17","17","17","16"
"GB1","0.001","130","128","128","121","117","116","107"
"GB1XXX","0.03985693","24","20","20","18","17","15","0"
"GCIY","0.002","116","115","114","110","103","100","91"
"GCIYXXX","0.03921378","23","21","21","19","18","16","0"
"GCT","0.002","57","55","54","52","51","51","48"
"GCTXXX","0.00294612","24","23","23","20","20","20","18"
"GDM1","1.046","39","38","35","27","24","18","10"
"GI1","0.001","130","126","122","117","115","110","104"
"GI1XXX","0.01261146","20","19","18","17","17","17","16"
"GIMEN","0.001","130","129","128","124","122","114","108"
"GLC82XXX","0.03027726","24","22","22","22","20","20","17"
"GMS10","0.001","90","89","89","87","87","86","81"
"GMS10XXX","0.01023856","24","23","23","21","21","21","21"
"GOTO","0.017","58","57","56","49","48","47","45"
"GP5d","0.003","90","86","85","80","77","73","69"
"GRANTA519X","0.00254261","24","23","22","19","18","18","17"
"GRST","0.001","92","90","90","89","85","82","78"
"H4","0.001","91","85","85","77","76","75","73"
"H4XXX","0.03661426","23","21","20","19","19","17","0"
"HAL01","0.003","92","91","91","88","87","81","72"
"HARAXXX","0.00782156","21","20","20","19","17","17","17"
"HC1","0.001","40","39","39","38","37","34","33"
"HCC1187","0.004","64","63","62","62","62","61","60"
"HCC1187XXX","0.00962630","23","22","22","21","21","20","19"
"HCC1395","0.022","43","41","40","38","37","37","32"
"HCC1395XXX","0.01129406","20","19","19","19","18","18","18"
"HCC1419","0.062","38","36","35","32","29","25","22"
"HCC15XXX","0.00708504","23","22","22","20","20","20","19"
"HCC1569","0.005","90","88","86","81","81","76","71"
"HCC1569XXX","0.20115508","24","22","21","20","0","0","0"
"HCC1599","0.012","40","37","34","32","31","30","27"
"HCC1806","0.001","75","71","69","67","66","65","59"
"HCC1806XXX","0.00299683","23","22","22","19","19","19","19"
"HCC1954","0.009","90","86","86","85","83","79","77"
"HCC1954XXX","0.01000103","23","22","21","20","20","20","17"
"HCC2157","0.023","40","39","39","35","34","30","29"
"HCC2218","0.020","40","38","38","35","32","31","28"
"HCC2935XXX","0.01827046","24","23","23","20","20","17","15"
"HCC38","0.001","90","89","88","84","81","80","80"
"HCC4006XXX","0.00444728","24","23","23","21","20","19","17"
"HCC44XXX","0.01151338","21","20","20","18","18","18","16"
"HCC56XXX","0.01061591","22","21","21","18","18","18","17"
"HCC70","0.003","90","88","88","80","80","78","71"
"HCC70XXX","0.00496046","24","23","23","19","19","19","19"
"HCC78XXX","0.05269376","23","20","20","19","19","19","0"
"HCC827XXX","0.01123609","20","19","17","15","12","12","12"
"HCT116","0.001","90","88","86","84","82","80","72"
"HCT116XXX","0.00427650","24","23","23","22","19","18","17"
"HCT15","0.001","40","39","39","39","39","36","33"
"HCT15XXX","0.22428430","24","18","18","13","0","0","0"
"HDLM2","0.025","39","36","36","35","34","32","31"
"HDMYZ","0.004","42","41","40","37","36","35","35"
"HDMYZXXX","0.02205071","19","17","16","14","14","14","9"
"HDQP1XXX","0.00254261","24","23","23","22","20","18","17"
"HEC1","0.003","90","87","86","79","78","77","74"
"HEC151XXX","0.00390979","24","23","23","21","20","17","16"
"HEC1AXXX","0.00603454","23","22","22","21","20","20","19"
"HEC1BXXX","0.02216550","24","21","21","18","17","17","12"
"HEC251XXX","0.01039530","24","23","23","22","22","20","18"
"HEC265XXX","0.00400007","24","23","23","21","21","20","18"
"HEC59XXX","0.00254261","24","23","23","23","20","19","18"
"HEC6XXX","0.00760848","24","23","22","22","22","20","19"
"HEL","0.002","92","91","89","83","81","77","72"
"HEL9217XXX","0.05918742","23","21","21","20","19","19","0"
"HEP3B217XX","0.07132393","24","22","22","19","15","14","0"
"HEPG2XXX","0.00987751","24","21","20","19","17","16","16"
"HEYA8XXX","0.01185893","22","21","21","17","16","15","15"
"HGC27XXX","0.03891374","24","23","23","21","19","16","0"
"HH","0.001","92","90","90","86","84","81","74"
"HHXXX","0.01045086","23","21","21","20","19","19","18"
"HL60","0.004","92","88","87","82","80","76","70"
"HLE","0.004","52","48","48","46","46","45","43"
"HLEXXX","0.11408039","24","22","21","19","18","0","0"
"HLFXXX","0.08836696","24","20","19","19","18","0","0"
"HMC18XXX","0.00551276","24","23","23","21","19","19","17"
"HMCBXXX","0.00836273","24","23","22","21","18","18","16"
"HN","0.001","52","50","49","47","46","46","42"
"HOP62","0.001","80","76","75","70","66","64","58"
"HOP92","0.007","52","49","47","47","45","42","37"
"HOSXXX","0.00566410","24","23","23","21","21","19","19"
"HPACXXX","0.00608266","24","23","23","20","19","17","15"
"HPAFII","0.009","76","74","72","66","64","61","55"
"HPAFIIXXX","0.00691323","21","20","20","19","19","17","14"
"HS229TXXX","0.04081546","23","21","20","20","20","18","0"
"HS294TXXX","0.00757048","24","23","23","22","20","19","19"
"Hs578T","2.301","14","10","10","8","4","3","3"
"HS578TXXX","0.06288233","23","21","21","21","21","19","0"
"HS683XXX","0.00749756","24","23","23","21","21","20","19"
"HS695TXXX","0.03704708","24","21","21","18","18","18","0"
"HS729XXX","0.01643953","21","20","19","17","17","17","17"
"HS739TXXX","0.00254261","24","23","23","23","23","22","21"
"HS746TXXX","0.01275917","23","22","21","19","19","18","17"
"HS766TXXX","0.01714126","24","23","23","21","20","19","19"
"HS840TXXX","0.01009147","24","23","21","20","20","19","18"
"HS852TXXX","0.02522195","24","21","21","21","19","18","15"
"HS895TXXX","0.07223804","23","21","21","16","15","11","0"
"HS936TXXX","0.00254261","24","23","23","20","20","20","19"
"HS939TXXX","0.03007423","23","19","19","18","18","16","11"
"HS944TXXX","0.00384717","24","23","23","21","17","16","16"
"HSC2XXX","0.00992375","24","23","23","21","20","19","19"
"HT","0.003","92","91","91","84","79","78","76"
"HTXXX","0.00873766","23","22","22","20","19","18","18"
"HT1080XXX","0.00533989","22","21","21","19","18","17","15"
"HT1197","0.017","71","68","68","63","61","60","55"
"HT1197XXX","0.06372446","24","23","23","22","20","17","0"
"HT1376","0.003","77","76","76","73","71","69","65"
"HT1376XXX","0.00254261","24","23","23","23","22","22","21"
"HT144","0.001","110","105","102","94","92","89","84"
"HT144XXX","0.01913070","24","22","20","18","17","15","14"
"HT29XXX","0.01174616","24","22","21","20","19","16","14"
"HT3","0.003","90","87","87","85","81","80","76"
"HT55","0.018","38","36","36","36","35","31","27"
"HTCC3","0.003","90","87","86","79","76","73","67"
"HuCCT1","0.003","90","85","85","80","77","75","71"
"HUCCT1XXX","0.00913067","24","23","23","21","21","20","18"
"HUH1XXX","0.02864391","24","21","21","19","18","14","12"
"HuO9","0.003","52","50","49","47","46","42","40"
"HuPT3","0.004","90","88","85","80","78","76","70"
"HUPT3XXX","0.02369693","24","23","22","20","20","17","16"
"HuPT4","0.001","38","37","36","36","33","31","29"
"HUPT4XXX","0.01056921","23","21","21","19","17","16","13"
"HUT78XXX","0.00804592","23","19","19","17","15","13","11"
"IALMXXX","0.11778984","24","23","23","20","20","0","0"
"IGR1","0.001","90","87","87","81","78","78","74"
"IGR37XXX","0.00761655","24","22","22","20","18","17","15"
"IGR39XXX","0.01858953","24","22","22","21","20","18","17"
"IGROV1XXX","0.02750169","22","21","20","18","16","16","14"
"IM9","0.024","37","36","36","36","36","36","36"
"IM95XXX","0.01733483","23","20","20","19","18","16","16"
"IMR32XXX","0.00254261","23","22","22","20","20","20","20"
"IMR5","0.005","40","39","39","36","35","34","33"
"IPC298XXX","0.00627071","24","23","23","19","19","17","17"
"ISHIKAWAHE","0.00355328","20","19","19","18","17","16","15"
"ISTMES1","0.009","130","127","127","118","109","107","96"
"ISTMES1XXX","0.05755820","24","21","21","17","15","13","0"
"ISTMES2XXX","0.00598920","24","23","23","18","18","17","17"
"ISTSL1","0.001","92","91","90","88","87","85","82"
"ISTSL2","0.326","40","38","38","33","30","24","19"
"J82XXX","0.09658243","22","19","19","18","18","0","0"
"JAR","0.004","57","55","54","54","54","52","48"
"JEG3","0.003","90","87","83","83","79","77","73"
"JHH2XXX","0.08008885","24","22","22","21","20","0","0"
"JHH4XXX","0.07109749","24","21","20","20","18","17","0"
"JHH5XXX","0.00900530","21","19","18","17","15","14","11"
"JHH6XXX","0.02015986","24","23","23","21","21","21","20"
"JHH7XXX","0.00301317","19","18","18","17","16","16","15"
"JHOS2XXX","0.02420986","23","22","22","19","19","19","17"
"JHOS4XXX","0.00878126","23","22","22","21","20","20","17"
"JHUEM2XXX","0.00658232","20","19","18","16","16","16","16"
"JiyoyeP200","0.005","40","38","37","35","32","32","32"
"JM1XXX","0.01496211","23","21","21","20","20","19","19"
"JMSU1XXX","0.01144514","24","23","21","18","16","16","13"
"JRT3T35","0.001","92","90","89","81","79","77","76"
"JURKATXXX","0.02227028","24","21","21","20","19","16","8"
"JVM2","0.319","40","38","38","35","33","30","24"
"JVM3","0.002","92","88","88","84","84","84","80"
"JVM3XXX","0.00254261","24","23","23","20","19","18","15"
"K029A#X","0.00254261","24","23","23","22","20","20","18"
"K5","0.001","121","118","117","112","110","105","100"
"KALS1","0.001","126","123","120","113","111","107","102"
"KALS1XXX","0.00529529","24","23","23","22","21","19","18"
"KARPAS299","0.003","92","91","91","85","83","82","79"
"KARPAS299X","0.01640925","23","22","21","19","17","17","15"
"KARPAS422","0.035","40","36","35","30","27","26","25"
"KARPAS422X","0.02789399","24","23","22","20","19","18","15"
"KARPAS45","0.004","35","33","32","31","31","29","26"
"KARPAS620X","0.00318989","24","23","22","21","20","20","17"
"KASUMI1","0.284","40","39","38","33","32","31","28"
"KASUMI2XXX","0.00322219","24","22","22","19","19","19","19"
"KCIMOH1XXX","0.00254261","20","19","19","19","18","17","16"
"KCL22XXX","0.01374672","24","22","21","18","16","15","12"
"KE37","0.002","92","88","88","80","77","73","69"
"KE39XXX","0.00670509","23","22","22","20","20","20","19"
"KE97XXX","0.00254261","24","23","22","20","19","19","18"
"KELLYXXX","0.03880032","20","18","17","17","17","14","0"
"KG1","0.001","92","91","91","88","86","83","82"
"KG1XXX","0.01860667","24","21","21","16","14","12","11"
"KHM1BXXX","0.00254261","24","23","23","21","19","17","17"
"KINGS1","0.001","130","128","128","125","123","119","112"
"KLE","0.024","115","110","108","95","93","87","75"
"KLEXXX","0.06242324","24","23","23","21","21","20","0"
"KM12","0.001","104","102","101","96","94","90","84"
"KMBC2XXX","0.02609533","24","21","21","21","18","18","16"
"KMH2","0.005","92","91","90","87","84","83","80"
"KMM1XXX","0.01871618","24","23","23","20","18","16","11"
"KMOE2","0.006","64","62","60","54","51","50","43"
"KMRC1XXX","0.14697542","24","21","20","18","16","0","0"
"KMRC2XXX","0.01589029","24","23","23","22","21","21","17"
"KMS11XXX","0.01875676","24","22","22","19","18","17","15"
"KMS12BMXXX","0.00264193","23","21","21","21","20","20","18"
"KMS12PE","0.077","40","39","39","37","36","36","33"
"KMS26XXX","0.00352425","24","22","22","20","20","19","17"
"KMS34XXX","0.01348113","24","21","20","18","17","15","14"
"KNS42XXX","0.00501625","24","23","23","23","22","22","21"
"KNS60XXX","0.00463419","24","23","23","21","20","19","18"
"KNS62","2052.997","2","1","1","1","1","1","0"
"KNS62XXX","0.07966184","21","20","20","17","17","17","0"
"KNS81XXX","0.03355799","24","23","22","18","18","16","0"
"KNS81FD","0.003","130","128","128","123","120","117","111"
"KO52XXX","0.00473828","24","22","21","18","18","16","14"
"KP1NXXX","0.01244594","24","23","23","22","22","21","19"
"KP1NLXXX","0.01793041","24","23","23","22","22","20","19"
"KP2XXX","0.00965236","22","21","19","18","17","17","14"
"KP3XXX","0.02749198","24","23","23","21","20","16","14"
"KP4","0.001","72","68","66","64","61","60","59"
"KP4XXX","0.00335571","24","23","23","22","21","20","19"
"KPNSI9SXXX","0.00440539","24","23","23","18","18","17","15"
"KPNYS","0.015","92","88","88","83","76","74","67"
"KU1919","0.007","90","89","87","83","81","77","70"
"KU812","0.017","7","6","6","6","6","5","5"
"KU812XXX","0.01682222","24","21","21","18","15","14","12"
"KURAMOCHI","0.002","130","128","125","122","117","115","109"
"KURAMOCHIX","0.05601942","24","22","22","18","16","14","0"
"KY821","1.036","15","14","14","12","11","8","5"
"KYM1XXX","0.00464488","20","18","18","16","16","16","14"
"KYSE140XXX","0.02538952","19","18","17","16","13","8","7"
"KYSE150","0.001","90","89","87","84","78","76","73"
"KYSE150XXX","0.01610508","21","20","20","18","18","18","17"
"KYSE180","0.001","90","87","87","81","80","77","76"
"KYSE180XXX","0.00803466","19","18","18","16","16","15","13"
"KYSE30XXX","0.00717749","24","23","23","21","21","19","17"
"KYSE410XXX","0.01345134","24","22","22","20","20","20","19"
"KYSE450XXX","0.01368268","20","19","19","18","18","17","14"
"KYSE510XXX","0.00254261","20","19","19","19","18","16","16"
"KYSE520","0.007","90","87","85","79","75","71","68"
"KYSE520XXX","0.00605460","24","23","23","21","21","21","21"
"KYSE70XXX","0.00747215","19","18","18","16","16","15","13"
"L33XXX","0.00535492","24","23","23","21","19","19","19"
"L363XXX","0.00321053","24","22","22","19","18","17","14"
"L428","0.044","90","86","82","77","76","72","68"
"L428XXX","0.05829857","24","22","22","18","18","16","0"
"L540","0.001","7","6","6","5","5","5","5"
"LAN6","0.044","52","47","47","45","44","41","35"
"LB373MELD","0.001","80","79","79","78","74","74","69"
"LB647SCLC","0.015","20","19","18","17","17","17","16"
"LB831BLC","0.001","130","128","127","124","117","116","107"
"LB996RCC","0.003","103","101","99","92","86","85","76"
"LC1SQSFXXX","0.02423591","23","22","22","20","20","20","19"
"LC41","0.002","40","39","39","38","34","33","31"
"LCLC103HXX","0.02092920","24","23","22","22","21","20","18"
"LK2","0.001","90","88","88","83","82","80","78"
"LN18XXX","0.05367248","22","19","19","15","13","11","0"
"LN229XXX","0.01519910","23","22","21","20","20","20","17"
"LN405","0.005","90","88","88","85","82","81","76"
"LNCaPClone","0.001","92","91","91","89","87","87","86"
"LOUCY","0.008","31","30","29","27","26","24","22"
"LOUNH91XXX","0.00685833","24","23","23","22","21","20","20"
"LoVo","0.002","90","89","86","79","74","73","68"
"LOXIMVI","0.001","73","72","72","70","70","69","65"
"LOXIMVIXXX","0.00456838","22","21","21","19","18","18","16"
"LP1","0.053","40","35","35","33","32","29","23"
"LP1XXX","0.01525946","24","23","23","22","20","15","14"
"LS1034","0.001","116","115","115","115","110","107","106"
"LS123","0.001","130","128","127","124","121","116","113"
"LS123XXX","0.04720604","23","22","22","20","20","19","0"
"LS411N","0.002","130","127","125","118","112","105","97"
"LS411NXXX","0.00259077","21","20","20","18","17","16","15"
"LS513","0.001","92","91","91","90","90","87","83"
"LS513XXX","0.01882460","24","20","20","17","15","13","10"
"LU134A","0.001","92","91","91","89","88","86","83"
"LU165","0.680","40","38","38","35","31","25","20"
"LU65","0.006","40","39","39","38","38","37","35"
"LU99XXX","0.03525101","24","20","20","18","15","12","0"
"LU99A","0.001","85","84","82","78","78","75","71"
"LUDLU1XXX","0.00374035","23","22","22","19","19","19","19"
"M14","0.002","90","88","88","81","76","72","67"
"MALME3MXXX","0.00415482","24","23","22","19","19","17","17"
"MB157XXX","0.00688726","24","23","23","20","17","17","17"
"MC116","0.001","92","91","90","88","84","82","77"
"MC116XXX","0.01194817","23","22","22","20","20","19","19"
"MCASXXX","0.00657595","24","23","23","21","21","20","18"
"MCCAR","0.024","40","38","37","35","35","32","29"
"MCF7XXX","0.01876104","23","22","22","19","17","17","15"
"MDAMB134VI","0.036","15","13","13","13","12","12","11"
"MDAMB157","0.024","33","31","30","29","28","26","24"
"MDAMB157XX","0.08561040","23","21","21","20","19","0","0"
"MDAMB175VI","0.09341449","39","37","33","28","25","24","22"
"MDAMB175VI","0.03282733","23","21","21","20","20","17","0"
"MDAMB231","0.001","90","89","89","87","83","82","79"
"MDAMB361","0.002","75","72","72","69","67","67","61"
"MDAMB415","0.020","38","36","36","34","31","29","26"
"MDAMB415XX","0.01840738","23","21","21","21","21","19","17"
"MDAMB435SX","0.00319567","24","23","23","20","20","19","17"
"MDAMB436XX","0.01669787","23","22","22","21","20","20","18"
"MDAMB453","0.003","90","87","87","86","85","84","82"
"MDAMB453XX","0.00254261","24","23","22","21","20","19","18"
"MDAMB468XX","0.16409413","24","20","19","11","0","0","0"
"ME180","0.002","90","87","86","79","79","76","75"
"MEC1XXX","0.01774899","24","22","20","19","18","18","15"
"MEG01","0.004","67","65","63","59","57","53","46"
"MEG01XXX","0.06251536","24","21","20","15","12","11","0"
"MELHO","0.002","90","85","84","76","73","67","65"
"MELHOXXX","0.01363526","24","21","21","18","18","16","16"
"MESSA","0.003","14","13","13","13","12","11","10"
"MESSAXXX","0.00683666","23","22","22","19","19","19","19"
"Mewo","0.005","90","87","86","82","80","78","69"
"MEWOXXX","0.02324267","24","23","22","22","22","21","21"
"MFE280","0.010","90","88","86","81","76","72","69"
"MFE280XXX","0.02649929","24","22","22","21","20","17","16"
"MFE296XXX","0.00617474","21","20","20","18","18","17","16"
"MFE319XXX","0.00268539","20","19","18","16","15","15","15"
"MFM223","0.006","52","51","51","48","46","42","40"
"MG63XXX","0.00506970","24","23","23","22","20","20","18"
"MHHES1XXX","0.00261794","24","23","23","19","19","18","16"
"MHHNB11","0.001","89","88","88","88","86","85","82"
"MHHPREB1","0.001","92","89","88","81","78","76","75"
"MIAPaCa2","0.001","76","75","71","67","66","64","62"
"MIAPACA2XX","0.00405202","24","23","22","20","19","17","17"
"MINOXXX","0.00287092","24","23","22","18","17","17","16"
"MJXXX","0.01326319","23","22","22","20","20","19","18"
"MKN1","0.003","86","84","81","76","74","73","65"
"MKN45","0.002","77","74","74","70","68","67","64"
"MKN45XXX","0.01785976","24","22","20","16","15","14","13"
"MKN7XXX","0.13995525","24","22","21","20","19","0","0"
"MKN74XXX","0.02244027","24","23","23","21","20","19","16"
"ML2","0.001","40","39","39","38","38","36","32"
"MLMA","0.003","92","87","86","83","79","78","77"
"MN60","0.005","92","89","88","84","83","80","74"
"MOGGCCMXXX","0.02381664","23","22","22","20","20","20","20"
"MOLP8XXX","0.00254261","24","23","23","22","22","20","17"
"MOLT13","0.012","16","14","13","13","11","11","11"
"MOLT16","0.001","92","90","89","82","80","76","76"
"MOLT16XXX","0.00394896","24","22","21","20","20","18","15"
"MOLT4","0.002","60","56","56","54","52","50","48"
"MONOMAC1XX","0.00349632","24","21","20","18","17","14","14"
"MONOMAC6","0.007","37","35","33","30","28","24","23"
"MORCPRXXX","0.00669531","20","19","18","17","17","17","16"
"MoT","0.113","52","51","50","47","45","43","31"
"MPP89","0.002","130","129","126","121","118","115","107"
"MPP89XXX","0.05585529","24","22","21","19","18","18","0"
"MRKnu1","1.296","40","39","38","33","28","26","20"
"MS1","0.003","91","90","90","85","84","81","78"
"MSTO211H","0.008","53","50","50","48","45","41","37"
"MSTO211HXX","0.01347823","23","22","22","19","19","17","15"
"MZ7mel","0.001","110","109","108","105","101","99","93"
"NB12","0.002","91","90","90","86","83","82","78"
"NB13","0.001","92","91","90","88","87","86","85"
"NB17","0.002","92","90","89","88","87","86","85"
"NB5","0.002","92","91","91","87","86","84","82"
"NB6","0.040","92","90","87","83","79","71","65"
"NB69","0.001","52","50","50","46","46","44","41"
"NB7","0.013","92","87","87","83","78","74","63"
"NCIH1048XX","0.00391821","24","23","23","19","19","19","19"
"NCIH1092","0.006","32","31","31","29","29","29","27"
"NCIH1092XX","0.06662035","24","22","22","21","21","21","0"
"NCIH1155","0.001","52","51","51","51","47","46","46"
"NCIH1155XX","0.04049383","20","16","16","15","15","13","0"
"NCIH1184XX","0.00581960","24","23","22","20","19","19","19"
"NCIH128","0.075","40","39","38","37","36","35","32"
"NCIH1299","0.009","67","63","63","59","57","55","53"
"NCIH1299XX","0.01495085","21","20","20","17","15","15","15"
"NCIH1339XX","0.01445335","24","22","22","19","19","19","19"
"NCIH1341XX","0.00254261","24","23","23","21","20","19","18"
"NCIH1355XX","0.01810617","23","22","22","20","18","17","16"
"NCIH1373XX","0.06768804","24","22","22","21","20","20","0"
"NCIH1395","0.004","92","90","89","89","86","82","82"
"NCIH1437","0.001","90","89","87","84","81","77","72"
"NCIH1563XX","0.21586392","23","21","21","21","0","0","0"
"NCIH1568XX","0.01096480","23","22","22","20","20","20","19"
"NCIH1573","0.002","76","74","72","71","70","67","66"
"NCIH1573XX","0.01465704","23","22","22","20","20","20","19"
"NCIH1581","0.002","67","65","65","62","61","59","58"
"NCIH1581XX","0.00929712","23","22","21","21","21","19","18"
"NCIH1623","0.001","90","89","89","87","85","84","82"
"NCIH1648","0.001","112","110","109","103","97","97","88"
"NCIH1648XX","0.08607987","23","22","21","19","19","0","0"
"NCIH1650","0.010","127","123","121","114","113","107","100"
"NCIH1650XX","0.00990197","23","22","21","20","19","18","16"
"NCIH1651","0.004","90","87","85","79","79","77","72"
"NCIH1651XX","0.02240480","23","21","21","20","19","19","19"
"NCIH1666","0.005","30","27","27","27","26","25","24"
"NCIH1666XX","0.00254261","24","23","23","20","19","17","13"
"NCIH1693","0.009","90","89","86","81","80","78","72"
"NCIH1693XX","0.04978148","24","22","22","20","20","19","0"
"NCIH1694","0.008","40","39","39","37","36","33","33"
"NCIH1694XX","0.01865733","24","21","20","20","20","20","19"
"NCIH1703","0.008","26","23","22","20","19","17","17"
"NCIH1703XX","0.01607764","20","18","18","17","16","15","12"
"NCIH1755","0.006","66","63","62","59","55","54","51"
"NCIH1770","0.002","92","90","90","88","88","84","80"
"NCIH1792","0.001","90","88","87","86","84","81","79"
"NCIH1792XX","0.01802209","23","22","22","20","18","17","16"
"NCIH1793","0.013","53","50","48","47","45","44","39"
"NCIH1793XX","0.01461544","22","21","21","20","20","20","15"
"NCIH1838","0.185","88","83","81","74","69","65","56"
"NCIH1869XX","0.10002055","24","22","22","19","16","0","0"
"NCIH187","0.024","40","39","38","31","30","28","27"
"NCIH1915XX","0.00425324","24","23","23","21","20","18","18"
"NCIH1944XX","0.01152205","23","21","21","20","19","18","18"
"NCIH1975","1048.915","2","1","1","0","0","0","0"
"NCIH1975XX","0.00264905","24","23","23","22","21","21","21"
"NCIH1993","0.085","90","88","88","84","79","76","66"
"NCIH2009","0.001","40","37","37","35","34","33","32"
"NCIH2009XX","0.01844758","24","22","22","20","18","18","16"
"NCIH2023XX","0.00933347","23","21","21","20","20","19","19"
"NCIH2029","0.203","52","49","49","44","41","33","27"
"NCIH2030","0.013","49","45","43","42","42","38","34"
"NCIH2030XX","0.02894469","24","22","21","18","18","17","10"
"NCIH2052","0.007","38","37","37","32","31","27","26"
"NCIH2052XX","0.04403678","23","21","20","18","18","17","0"
"NCIH2085XX","0.00705972","23","22","22","21","21","21","19"
"NCIH2087","0.005","52","50","50","48","46","46","46"
"NCIH2087XX","0.01045311","23","22","22","18","17","17","17"
"NCIH2107","0.136","31","29","29","24","23","20","17"
"NCIH211XXX","0.00847538","24","22","22","19","19","19","18"
"NCIH2122XX","0.00306664","24","23","23","19","17","17","15"
"NCIH2126","0.002","127","126","125","120","116","112","110"
"NCIH2141","0.004","40","39","39","38","35","35","34"
"NCIH2170","0.005","67","64","64","60","59","57","55"
"NCIH2170XX","0.00254261","24","23","23","20","20","19","18"
"NCIH2171","0.259","39","37","37","31","26","23","20"
"NCIH2172XX","0.00254261","23","20","20","18","18","18","18"
"NCIH2228XX","0.00294951","24","23","23","21","20","19","18"
"NCIH226","0.004","92","91","90","89","88","87","85"
"NCIH226XXX","0.26439777","23","22","21","19","0","0","0"
"NCIH2286XX","0.00438197","24","23","23","19","18","18","17"
"NCIH2291","0.019","52","50","50","48","45","40","37"
"NCIH23","0.004","73","72","71","70","70","66","66"
"NCIH23XXX","0.00353721","23","22","22","20","20","19","18"
"NCIH2342","0.037","52","50","50","48","45","44","38"
"NCIH2347","0.017","52","50","50","45","44","42","41"
"NCIH2405","0.051","66","61","61","53","50","45","41"
"NCIH2444XX","0.03636594","24","22","22","19","18","17","0"
"NCIH2452","0.002","90","89","89","86","85","83","81"
"NCIH2452XX","0.00710695","24","23","23","21","19","18","18"
"NCIH250","130.528","1","0","0","0","0","0","0"
"NCIH28","0.003","92","91","90","86","83","80","74"
"NCIH28XXX","0.0396","23","21","20","19","16","14","0"
"NCIH322XXX","0.01322677","24","21","21","19","17","15","11"
"NCIH322M","0.067","40","39","39","38","38","37","33"
"NCIH3255XX","0.05264521","24","19","19","16","15","12","0"
"NCIH345","0.007","40","39","39","38","36","36","34"
"NCIH358","0.006","35","34","34","34","34","31","27"
"NCIH358XXX","0.00954898","23","22","22","19","19","19","13"
"NCIH378","442.065","2","0","0","0","0","0","0"
"NCIH441","0.003","90","88","86","82","81","80","76"
"NCIH441XXX","0.01382105","24","23","23","20","19","19","19"
"NCIH446","0.002","92","90","90","87","83","82","80"
"NCIH460XXX","0.02903510","21","19","18","17","17","17","15"
"NCIH520","0.004","52","51","51","49","47","44","41"
"NCIH520XXX","0.00769334","24","23","23","21","20","20","19"
"NCIH522","0.001","63","61","60","58","58","56","53"
"NCIH522XXX","0.01113300","24","23","23","21","21","20","20"
"NCIH526","0.001","92","89","89","88","85","81","80"
"NCIH596","0.012","90","88","86","80","80","74","68"
"NCIH630","0.243","52","49","47","39","36","29","26"
"NCIH64","0.011","40","39","39","39","39","39","34"
"NCIH647XXX","0.00989863","23","22","22","21","20","20","20"
"NCIH650XXX","0.00254261","23","22","22","22","22","21","20"
"NCIH661","0.008","90","84","83","78","78","73","70"
"NCIH661XXX","0.00262309","24","23","23","22","22","22","21"
"NCIH716","0.049","40","39","39","38","37","36","36"
"NCIH720","0.026","40","38","38","35","35","28","27"
"NCIH727","0.025","66","65","65","61","54","52","49"
"NCIH727XXX","0.02054219","24","23","22","20","19","19","19"
"NCIH747","0.001","130","129","128","127","121","115","108"
"NCIH747XXX","0.02205308","23","20","19","18","17","17","15"
"NCIH810XXX","0.01150914","24","22","22","22","21","21","20"
"NCIH82","0.008","92","89","87","84","84","81","76"
"NCIN87","0.006","98","95","93","87","85","82","80"
"NCIN87XXX","0.00628035","23","21","21","18","18","17","17"
"NCISNU1","0.001","92","88","88","83","83","81","80"
"NCISNU16","0.068","40","38","38","36","34","31","22"
"NCISNU5","1.734","8","7","7","4","4","3","1"
"NCO2XXX","0.00254261","24","22","22","21","18","15","14"
"NEC8","0.003","40","39","39","37","34","34","32"
"NH12","0.004","92","91","91","88","85","83","81"
"NIHOVCAR3X","0.00432114","24","23","23","22","22","20","20"
"NMCG1","0.001","116","114","113","106","102","102","94"
"no11","0.004","120","119","117","108","102","100","97"
"NOMO1","0.002","92","89","88","82","81","73","72"
"NUGC3XXX","0.05115755","24","20","20","19","16","13","0"
"NUGC4XXX","0.00330415","23","21","20","18","17","15","13"
"NY","0.038","52","51","51","49","47","42","36"
"OAW28","0.007","76","73","73","69","65","64","61"
"OAW42","0.002","40","39","39","36","34","33","31"
"OC314XXX","0.01099837","23","22","22","20","19","19","19"
"OC315XXX","0.00782240","24","23","23","21","19","19","19"
"OC316XXX","0.00991278","24","23","23","21","19","19","19"
"OCIAML2","0.001","92","91","91","89","87","84","80"
"OCIAML2XXX","0.00749860","24","21","21","18","18","18","15"
"OCIAML5XXX","0.01138604","24","23","22","20","19","17","12"
"OCILY10XXX","0.00254261","21","20","20","19","19","19","19"
"OCUM1XXX","0.00833682","24","21","21","18","17","17","17"
"OE19","0.006","42","41","41","40","40","39","38"
"OE21XXX","0.05517984","24","22","21","14","10","7","0"
"OE33","0.013","52","49","49","46","45","43","40"
"OE33XXX","0.00254261","24","23","23","21","20","19","19"
"OMC1","0.004","78","77","76","73","68","67","63"
"ONCODG1XXX","0.01023573","24","23","23","21","21","19","17"
"ONS76XXX","0.04552739","23","21","21","18","17","15","0"
"OPM2","0.001","40","39","38","37","35","35","31"
"OPM2XXX","0.05930118","24","22","21","20","20","20","0"
"OV90XXX","0.01105308","24","20","20","17","17","17","15"
"OVCAR4XXX","0.00822829","24","23","23","22","21","19","18"
"OVCAR8XXX","0.00511185","24","23","22","20","19","19","19"
"OVMANAXXX","0.16673679","24","22","22","18","0","0","0"
"OVSAHOXXX","0.20274968","24","23","23","20","0","0","0"
"OVTOKOXXX","0.14805181","22","19","19","16","16","0","0"
"P12ICHIKAW","0.00332528","24","23","22","20","20","20","19"
"P30OHK","0.003","92","91","90","86","83","83","79"
"P31FUJ","1.112","40","39","37","35","32","29","28"
"P31FUJXXX","0.00950259","24","21","21","19","18","16","16"
"P3HR1XXX","0.01010388","23","22","22","21","20","20","19"
"PANC0203XX","0.01645393","24","22","21","19","18","17","13"
"PANC0327","0.002","53","52","50","49","48","46","44"
"PANC0327XX","0.00320871","24","23","23","22","20","20","18"
"PANC0403XX","0.01026360","24","23","22","21","19","16","16"
"PANC0813","0.009","90","86","85","79","78","73","68"
"PANC1005","0.011","53","51","50","47","45","44","41"
"PANC1005XX","0.00335581","24","23","23","23","20","18","18"
"PATU8902XX","0.09386328","20","19","19","17","15","0","0"
"PC14","0.002","88","84","82","77","76","75","68"
"PC14XXX","0.00405059","20","19","19","16","16","14","13"
"PC3","0.005","26","25","24","24","24","24","23"
"PC3XXX","0.01797454","24","23","22","20","20","19","18"
"PFEIFFERXX","0.02026636","23","22","22","18","18","16","12"
"PFSK1","0.001","52","51","51","49","47","46","46"
"PK1XXX","0.00877331","24","23","23","21","20","20","17"
"PK45HXXX","0.01586005","24","22","22","19","19","18","16"
"PK59XXX","0.01816970","24","23","23","21","20","18","16"
"PL45XXX","0.00379505","24","23","23","21","21","20","18"
"PLCPRF5","0.063","38","35","34","30","29","27","26"
"PLCPRF5XXX","0.01176205","24","23","22","21","20","20","20"
"PSN1XXX","0.01755916","20","19","19","16","14","14","14"
"QGP1XXX","0.00254261","20","19","19","18","16","15","15"
"Raji","0.005","40","39","39","37","36","34","33"
"RAJIXXX","0.01062292","23","22","22","20","20","20","20"
"RCC10RGB","0.004","123","122","122","120","118","117","110"
"RCM1","0.015","90","87","86","82","77","69","62"
"RD","0.004","90","85","83","80","73","73","70"
"RDXXX","0.02632038","22","21","20","18","18","15","12"
"REH","0.027","40","39","39","39","39","35","32"
"REHXXX","0.00527450","22","21","21","19","19","19","18"
"RERFGC1BXX","0.02297571","23","21","21","20","20","16","15"
"RERFLCAIXX","0.00310838","24","23","23","22","21","20","19"
"RERFLCMS","0.001","90","88","88","83","82","82","79"
"RERFLCMSXX","0.00826884","20","19","19","17","17","17","17"
"RKNXXX","0.01947645","24","23","23","19","17","17","17"
"RKOXXX","0.04980978","24","21","20","19","17","16","0"
"RL952XXX","0.03618872","24","21","21","20","18","13","0"
"RO82W1","0.005","90","88","87","85","85","82","79"
"RPMI2650","0.002","90","86","86","79","78","75","71"
"RPMI6666","0.034","40","39","39","38","38","37","35"
"RPMI7951XX","0.01570103","21","19","19","18","18","18","16"
"RPMI8226","0.001","59","57","55","54","51","51","49"
"RPMI8402","0.004","16","15","15","14","14","13","13"
"RPMI8402XX","0.00410458","24","22","22","20","20","20","18"
"RPMI8866","0.002","92","87","87","82","80","77","75"
"RS411","0.001","87","86","86","80","78","73","72"
"RT112XXX","0.00379452","24","23","23","20","20","19","16"
"RT4","0.004","39","37","37","37","37","35","33"
"RT4XXX","0.00495041","24","23","23","21","20","17","16"
"RVH421","0.004","90","86","83","77","74","71","64"
"RVH421XXX","0.01913658","24","22","20","19","18","18","15"
"RXF393","0.001","116","113","112","105","104","102","99"
"S117","0.005","90","86","86","80","78","76","72"
"Saos2","0.002","90","89","89","84","83","79","77"
"SAOS2XXX","0.00875096","24","23","23","19","19","19","18"
"SAS","0.001","90","88","88","86","85","84","80"
"SBC1","0.005","32","31","31","28","27","25","23"
"SBC5","0.002","66","64","63","61","59","58","53"
"SBC5XXX","0.02265885","24","23","23","20","20","17","14"
"SCABERXXX","0.00254261","24","23","23","22","21","20","20"
"SCC15","0.007","88","86","84","82","81","79","74"
"SCC25","0.001","90","88","88","84","83","81","76"
"SCC25XXX","0.09186898","19","18","17","15","12","0","0"
"SCC3","2.009","15","14","14","12","12","9","3"
"SCC4","0.001","90","87","86","84","83","82","78"
"SCC9","0.001","90","88","88","87","86","85","79"
"SCC9XXX","0.00589246","21","20","19","18","18","17","16"
"SCH","0.008","52","51","50","49","47","46","43"
"SF126","0.002","130","125","124","118","116","112","104"
"SF126XXX","0.06171101","24","20","20","19","16","15","0"
"SF268","0.001","130","126","125","120","118","113","110"
"SF295XXX","0.03881523","24","22","21","19","19","18","0"
"SH10TCXXX","0.01959409","24","23","23","21","21","20","19"
"SHP77","0.038","92","90","87","84","81","78","69"
"SHP77XXX","0.12698088","24","21","21","20","20","0","0"
"SIGM5","0.003","35","34","33","30","28","26","24"
"SIGM5XXX","0.00254261","24","22","21","19","17","15","12"
"SiHa","0.010","65","64","64","59","58","57","55"
"SIMA","0.024","40","39","39","38","37","36","33"
"SIMAXXX","0.00254261","24","23","23","20","20","20","19"
"SJRH30","0.145","25","24","24","22","17","15","12"
"SJRH30XXX","0.00764950","23","22","21","20","20","19","18"
"SJSA1","0.001","116","113","112","107","104","102","93"
"SJSA1XXX","0.01665611","22","21","21","18","18","18","16"
"SKBR3XXX","0.01106446","24","22","21","18","18","18","18"
"SKCO1XXX","0.05581841","23","19","19","16","16","13","0"
"SKES1XXX","0.00254261","24","23","23","20","19","19","18"
"SKGIIIa","0.007","90","89","88","81","79","77","72"
"SKHEP1","0.001","91","89","88","83","80","80","77"
"SKHEP1XXX","0.04099140","24","23","22","19","19","18","0"
"SKLMS1XXX","0.01877579","19","18","17","15","15","15","11"
"SKLU1","0.001","90","86","86","80","78","75","72"
"SKLU1XXX","0.02229322","24","22","22","19","18","17","13"
"SKM1","0.043","40","39","39","39","39","37","33"
"SKMEL1","0.036","40","39","39","37","36","35","32"
"SKMEL2","0.002","92","91","91","90","85","82","78"
"SKMEL2XXX","0.02681831","24","22","22","20","19","17","16"
"SKMEL24","0.018","62","59","58","52","51","46","44"
"SKMEL24XXX","0.08025264","24","19","18","18","17","0","0"
"SKMEL28","0.002","86","85","85","83","82","78","74"
"SKMEL30XXX","0.01209052","24","22","22","20","20","18","17"
"SKMEL31XXX","0.02650133","24","22","22","22","22","21","16"
"SKMEL5XXX","0.01343916","24","22","22","19","16","16","16"
"SKMES1XXX","0.01914952","19","17","16","15","14","8","5"
"SKMM2","0.005","30","29","29","29","29","29","26"
"SKMM2XXX","0.00571023","24","23","23","21","20","20","20"
"SKNAS","0.005","90","86","86","81","77","74","67"
"SKNASXXX","0.00766750","21","19","19","18","16","15","15"
"SKNBE2XXX","0.00531926","24","23","22","21","20","20","17"
"SKNDZ","0.003","91","90","89","85","84","82","78"
"SKNDZXXX","0.00601040","22","20","20","19","19","19","17"
"SKNEP1","0.001","92","88","88","84","82","78","74"
"SKNFI","0.082","52","48","47","41","41","34","30"
"SKNFIXXX","0.05223196","21","20","19","17","15","14","0"
"SKNSHXXX","0.02270171","23","21","21","18","17","15","12"
"SKOV3","0.002","65","63","61","60","59","56","55"
"SKOV3XXX","0.01374757","24","23","23","19","17","16","14"
"SKPNDW","0.001","60","58","58","56","56","56","54"
"SN12C","0.005","90","87","85","81","78","74","68"
"SNB75","0.001","130","129","127","123","118","115","108"
"SNGMXXX","0.01811480","24","23","23","21","20","18","18"
"SNU1XXX","0.00592259","23","22","22","19","18","18","18"
"SNU16XXX","0.00254261","23","22","22","18","18","17","16"
"SNU182XXX","0.04812422","23","21","21","20","20","20","0"
"SNU387","0.002","90","87","86","83","81","79","75"
"SNU387XXX","0.01585762","20","19","19","17","17","17","17"
"SNU398XXX","0.04681935","21","19","19","17","15","14","0"
"SNU423XXX","0.01088609","23","22","22","21","21","20","20"
"SNU449","0.002","76","74","74","71","70","68","65"
"SNU449XXX","0.20375821","24","23","23","18","0","0","0"
"SNU475XXX","0.00254261","21","19","19","19","19","18","18"
"SNUC1","0.363","40","37","36","31","30","27","22"
"SNUC2AXXX","0.04794786","23","21","21","20","19","18","0"
"SQ1XXX","0.02295878","20","18","18","15","15","15","12"
"ST486","0.252","40","39","39","37","36","31","23"
"SU8686XXX","0.00254261","22","21","21","21","20","19","18"
"SUDHL10XXX","0.00311167","24","23","23","22","20","14","14"
"SUDHL4XXX","0.00450234","24","23","22","20","20","19","17"
"SUDHL6XXX","0.00254261","24","23","22","22","18","18","12"
"SUDHL8XXX","0.00254716","24","23","22","20","19","19","18"
"SUIT2XXX","0.05547817","24","21","20","17","16","12","0"
"SUPM2XXX","0.00254261","24","23","23","21","18","17","17"
"SUPT1","0.687","40","38","36","31","30","27","23"
"SUPT1XXX","0.00852356","23","22","22","20","20","19","19"
"SW1088","0.003","90","88","88","83","81","80","75"
"SW1088XXX","0.00254261","23","22","22","21","21","20","19"
"SW1116","0.061","52","51","49","47","44","40","36"
"SW1271XXX","0.01010124","24","23","23","20","19","18","17"
"SW13","0.002","86","82","80","78","76","73","69"
"SW1353XXX","0.01130726","24","23","23","21","21","20","19"
"SW1417","0.003","53","52","52","51","51","50","46"
"SW1417XXX","0.02421283","22","18","18","14","14","13","12"
"SW1463","0.034","76","72","72","66","62","59","55"
"SW1573","0.015","39","36","35","30","29","28","23"
"SW1573XXX","0.01579805","20","18","18","17","17","17","15"
"SW1990","0.004","53","51","51","49","47","46","44"
"SW1990XXX","0.03416921","23","20","19","18","17","16","0"
"SW403XXX","0.00549298","24","22","21","17","17","17","15"
"SW48","0.001","90","88","86","84","83","80","77"
"SW48XXX","0.00359142","24","22","21","18","17","16","15"
"SW480XXX","0.01550377","24","23","22","18","18","18","15"
"SW579XXX","0.01549877","24","23","22","19","19","19","15"
"SW620","0.001","90","88","85","80","77","75","74"
"SW620XXX","0.00258354","24","23","22","19","17","17","17"
"SW626","0.002","40","38","38","35","33","32","31"
"SW684","0.001","130","129","129","127","126","125","123"
"SW756","0.013","38","37","33","30","29","28","25"
"SW780","0.001","66","64","64","61","58","57","56"
"SW780XXX","0.01078174","24","23","23","21","19","19","16"
"SW837","0.002","86","84","84","80","79","76","73"
"SW872","0.001","97","92","92","88","82","80","78"
"SW900","0.008","49","48","46","44","43","43","38"
"SW900XXX","0.0188492","23","22","22","21","21","20","18"
"SW948","0.060","52","50","49","48","47","43","37"
"SW962","0.001","116","115","114","107","102","97","93"
"T24","0.012","24","22","21","18","18","17","15"
"T24XXX","0.01821917","24","23","21","18","18","18","14"
"T3M10XXX","0.04096874","24","21","21","20","19","16","0"
"T47D","0.004","77","76","75","74","72","68","62"
"T47DXXX","0.06439659","23","22","22","22","20","20","0"
"T84","0.110","52","51","51","50","49","47","41"
"T84XXX","0.05736312","24","22","22","21","19","19","0"
"T98G","0.001","90","88","88","85","80","79","76"
"T98GXXX","0.00519857","24","23","23","23","21","21","20"
"TC71XXX","0.00424515","24","23","23","22","20","20","20"
"TCCSUP","0.005","91","88","87","80","79","77","72"
"TCCSUPXXX","0.00254261","24","23","23","21","21","21","21"
"TCYIK","0.782","7","6","6","4","4","3","3"
"TE1","0.001","130","127","127","121","118","116","111"
"TE1XXX","0.01780990","20","18","17","17","17","16","16"
"TE10","0.001","130","126","123","119","116","112","110"
"TE11","0.001","115","112","111","104","101","95","89"
"TE11XXX","0.00254261","17","15","15","14","13","11","11"
"TE12","0.004","116","113","111","104","99","94","79"
"TE15XXX","0.00552548","20","19","19","16","15","14","10"
"TE441T","0.039","35","34","34","31","30","28","25"
"TE5XXX","0.01217701","20","19","19","17","16","16","16"
"TE6","0.003","92","90","89","85","84","80","77"
"TE617TXXX","0.00305399","24","23","23","21","19","18","17"
"TE9XXX","0.00338949","24","23","23","23","21","19","19"
"TENXXX","0.03627276","24","23","22","21","21","19","0"
"TGBC11TKB","0.005","52","50","49","47","47","45","44"
"TGBC1TKB","0.002","106","103","102","96","92","89","89"
"TGBC24TKB","0.006","91","87","86","80","76","74","66"
"THP1","0.324","40","39","39","37","35","32","29"
"TI73","0.001","52","51","50","47","46","46","43"
"TK10","0.001","130","128","128","123","119","116","108"
"TOLEDOXXX","0.04572785","23","21","21","20","19","19","0"
"TOV112DXXX","0.00524993","24","23","23","21","20","19","19"
"TOV21GXXX","0.00394157","24","23","22","21","20","18","18"
"TT2609C02X","0.02356661","24","22","20","17","17","14","11"
"TUR","0.365","40","38","38","37","36","33","32"
"TYKNUXXX","0.00254261","24","23","23","22","19","19","19"
"U031","0.001","87","86","84","82","80","78","76"
"U118MG","0.015","91","85","84","81","78","75","68"
"U118MGXXX","0.00737692","24","23","23","21","19","19","19"
"U266","0.002","92","90","90","88","85","82","79"
"U2OS","0.002","90","89","89","83","81","78","77"
"U2OSXXX","0.02638434","24","22","21","20","19","18","12"
"U698M","1.225","40","36","36","25","20","17","4"
"U87MG","0.004","92","90","89","88","87","85","84"
"U87MGXXX","0.00939157","24","23","23","21","21","20","20"
"U937XXX","0.00430702","24","23","22","21","20","20","19"
"UACC257","0.001","122","121","121","120","115","111","104"
"UACC257XXX","0.01995649","21","20","19","17","17","16","14"
"UACC62","0.003","91","89","89","85","83","80","75"
"UACC62XXX","0.01051366","20","18","16","13","13","13","12"
"UACC812","0.021","15","14","14","14","14","14","13"
"UACC812XXX","0.00254261","24","23","23","22","21","20","20"
"UACC893","0.046","86","80","80","70","70","66","62"
"UMC11","0.009","90","88","88","83","81","78","73"
"UMUC3XXX","0.00823879","24","23","23","22","21","19","19"
"VAESBJ","0.001","66","64","62","58","54","52","48"
"VMCUB1","0.001","76","74","72","69","66","64","63"
"VMRCLCDXXX","0.00254261","23","21","20","20","20","19","17"
"VMRCRCWXXX","0.00828804","24","23","23","23","22","21","18"
"VMRCRCZXXX","0.06557756","24","22","22","20","18","16","0"
"WM115","0.006","90","88","87","81","78","75","69"
"WM115XXX","0.04751817","21","19","18","17","17","16","0"
"WM1799XXX","0.02054945","24","22","21","18","18","15","15"
"WM2664XXX","0.01056482","21","18","17","15","15","15","13"
"WM793XXX","0.00988328","24","23","23","18","18","17","16"
"WM88XXX","0.00339465","24","22","22","20","19","16","15"
"WM983BXXX","0.00641442","24","22","22","18","18","13","12"
"WSUNHL","0.029","40","39","39","39","39","39","36"
"YAPC","0.013","90","88","87","84","80","78","75"
"YKG1XXX","0.01019102","23","22","22","20","20","20","19"
"YT","0.062","38","37","37","37","37","35","30"
"ZR751XXX","0.00597560","21","20","20","19","19","17","16"
"ZR7530","0.048","52","50","49","46","44","44","42"
"ZR7530XXX","0.02818343","24","22","21","19","18","17","16"
