"gene","Refseq_id","mut_type"
"ABL1","NP_009297","V.C119G"
"ABL1","NP_009297","V.E810G"
"ABL1","NP_009297","V.G1079D"
"ABL1","NP_009297","V.I1146T"
"ABL1","NP_009297","V.K106E"
"ABL1","NP_009297","V.K7R"
"ABL1","NP_009297","V.N1065S"
"ABL1","NP_009297","V.N115S"
"ABL1","NP_009297","V.P460L"
"ABL1","NP_009297","V.P681L"
"ABL1","NP_009297","V.P688S"
"ABL1","NP_009297","V.P802fs"
"ABL1","NP_009297","V.Q1131L"
"ABL1","NP_009297","V.R13K"
"ABL1","NP_009297","V.R351W"
"ABL1","NP_009297","V.R608H"
"ABL1","NP_009297","V.S1043N"
"ABL1","NP_009297","V.S183L"
"ABL1","NP_009297","V.T719I"
"ABL1","NP_009297","V.V1147E"
"ABL1","NP_009297","V.V390I"
"ABL1","NP_009297","V.V587M"
"ABL1","NP_009297","V.W495*"
"ABL1","NP_009297","V.Y234H"
"ABL2","NP_009298","V.A183T"
"ABL2","NP_009298","V.P986fs"
"ABL2","NP_009298","V.S525I"
"ABL2","NP_009298","V.S786P"
"ABL2","NP_009298","V.Y218H"
"AKT1","NP_005154","V.D3N"
"AKT1","NP_005154","V.E17K"
"AKT1","NP_005154","V.E49K"
"AKT1","NP_005154","V.Q59*"
"AKT1","NP_005154","V.R249W"
"AKT1","NP_005154","V.R406H"
"AKT1","NP_005154","V.S266L"
"AKT2","NP_001617","V.A139V"
"AKT2","NP_001617","V.A190G"
"AKT2","NP_001617","V.E360A"
"AKT2","NP_001617","V.R251W"
"AKT2","NP_001617","V.S130D"
"AKT3","NP_005456","V.G155D"
"AKT3","NP_005456","V.G16A"
"AKT3","NP_005456","V.G265R"
"AKT3","NP_005456","V.G37*"
"AKT3","NP_005456","V.P466L"
"AKT3","NP_005456","V.Q60E"
"AKT3","NP_005456","V.Q78K"
"AKT3","NP_005456","V.R465Q"
"ALK","NP_004295","V.C928Y"
"ALK","NP_004295","V.E1435del"
"ALK","NP_004295","V.F1174L"
"ALK","NP_004295","V.G103R"
"ALK","NP_004295","V.G129V"
"ALK","NP_004295","V.G385S"
"ALK","NP_004295","V.G452R"
"ALK","NP_004295","V.G689R"
"ALK","NP_004295","V.G872S"
"ALK","NP_004295","V.G882C"
"ALK","NP_004295","V.G893R"
"ALK","NP_004295","V.G925R"
"ALK","NP_004295","V.K575N"
"ALK","NP_004295","V.L143R"
"ALK","NP_004295","V.M1478T"
"ALK","NP_004295","V.N369K"
"ALK","NP_004295","V.P1218S"
"ALK","NP_004295","V.P1543S"
"ALK","NP_004295","V.P157H"
"ALK","NP_004295","V.P158T"
"ALK","NP_004295","V.P158fs"
"ALK","NP_004295","V.P236R"
"ALK","NP_004295","V.P279L"
"ALK","NP_004295","V.P379S"
"ALK","NP_004295","V.R1181C"
"ALK","NP_004295","V.R1192Q"
"ALK","NP_004295","V.R1192W"
"ALK","NP_004295","V.R209C"
"ALK","NP_004295","V.R317T"
"ALK","NP_004295","V.R360S"
"ALK","NP_004295","V.R395C"
"ALK","NP_004295","V.R753Q"
"ALK","NP_004295","V.R918I"
"ALK","NP_004295","V.S553A"
"ALK","NP_004295","V.S737L"
"ALK","NP_004295","V.S874F"
"ALK","NP_004295","V.V132L"
"ALK","NP_004295","V.V1476M"
"ALK","NP_004295","V.V163L"
"AR","NP_000035","V.54_55LL>L"
"AR","NP_000035","V.91_92insQ"
"AR","NP_000035","V.A400V"
"AR","NP_000035","V.A52T"
"AR","NP_000035","V.A588S"
"AR","NP_000035","V.A629_splice"
"AR","NP_000035","V.D733N"
"AR","NP_000035","V.D94N"
"AR","NP_000035","V.E773V"
"AR","NP_000035","V.F827L"
"AR","NP_000035","V.G334R"
"AR","NP_000035","V.H875Y"
"AR","NP_000035","V.L249M"
"AR","NP_000035","V.P104H"
"AR","NP_000035","V.P555L"
"AR","NP_000035","V.Q118H"
"AR","NP_000035","V.Q592H"
"AR","NP_000035","V.Q868H"
"AR","NP_000035","V.R386C"
"AR","NP_000035","V.S244L"
"AR","NP_000035","V.T306I"
"AR","NP_000035","V.T801fs"
"AR","NP_000035","V.V33L"
"AR","NP_000035","V.V716M"
"ATM","NP_000042","V.A1670V"
"ATM","NP_000042","V.A2843V"
"ATM","NP_000042","V.C107R"
"ATM","NP_000042","V.D1413_splice"
"ATM","NP_000042","V.D273N"
"ATM","NP_000042","V.E1856Q"
"ATM","NP_000042","V.E2351G"
"ATM","NP_000042","V.E2468K"
"ATM","NP_000042","V.E3015D"
"ATM","NP_000042","V.E586D"
"ATM","NP_000042","V.E632Q"
"ATM","NP_000042","V.E848Q"
"ATM","NP_000042","V.F1234S"
"ATM","NP_000042","V.G1998E"
"ATM","NP_000042","V.G2022V"
"ATM","NP_000042","V.H683R"
"ATM","NP_000042","V.I2223M"
"ATM","NP_000042","V.I2606V"
"ATM","NP_000042","V.K792_splice"
"ATM","NP_000042","V.L1824F"
"ATM","NP_000042","V.L2965F"
"ATM","NP_000042","V.L345F"
"ATM","NP_000042","V.L581V"
"ATM","NP_000042","V.L944V"
"ATM","NP_000042","V.M1644T"
"ATM","NP_000042","V.N1223S"
"ATM","NP_000042","V.N230T"
"ATM","NP_000042","V.N2826I"
"ATM","NP_000042","V.N625fs"
"ATM","NP_000042","V.P2648S"
"ATM","NP_000042","V.P383A"
"ATM","NP_000042","V.Q1579fs"
"ATM","NP_000042","V.Q1919P"
"ATM","NP_000042","V.Q2210*"
"ATM","NP_000042","V.Q2733P"
"ATM","NP_000042","V.Q2762R"
"ATM","NP_000042","V.Q2800*"
"ATM","NP_000042","V.R1086H"
"ATM","NP_000042","V.R1585S"
"ATM","NP_000042","V.R23*"
"ATM","NP_000042","V.R2461C"
"ATM","NP_000042","V.R248Q"
"ATM","NP_000042","V.R2849*"
"ATM","NP_000042","V.R924W"
"ATM","NP_000042","V.S1383L"
"ATM","NP_000042","V.T1350M"
"ATM","NP_000042","V.T2921M"
"ATM","NP_000042","V.T935R"
"ATM","NP_000042","V.V1521L"
"ATM","NP_000042","V.V2906I"
"ATM","NP_000042","V.V613L"
"ATM","NP_000042","V.W1279*"
"ATM","NP_000042","V.W2845*"
"AURKA","NP_940835","V.A17G"
"AURKA","NP_940835","V.L222P"
"AURKA","NP_940835","V.P110H"
"AURKA","NP_940835","V.R343Q"
"AURKA","NP_940835","V.V47G"
"AURKB","NP_004208","V.G248R"
"AURKB","NP_004208","V.K195N"
"AURKB","NP_004208","V.K203E"
"AURKB","NP_004208","V.P83P"
"AURKB","NP_004208","V.R285H"
"AURKC","NP_0010158","V.D184Y"
"AURKC","NP_0010158","V.E240Q"
"AURKC","NP_0010158","V.G52E"
"AURKC","NP_0010158","V.K137N"
"AURKC","NP_0010158","V.K289T"
"BCL2","NP_000624","V.L95V"
"BCL2","NP_000624","V.R129C"
"BCL2","NP_000624","V.S117R"
"BMX","NP_975010","V.A538T"
"BMX","NP_975010","V.E651_splice"
"BMX","NP_975010","V.T144N"
"BMX","NP_975010","V.V392A"
"BMX","NP_975010","V.V403G"
"BRAF","NP_004324","V.599_599T>TT"
"BRAF","NP_004324","V.A320S"
"BRAF","NP_004324","V.A400V"
"BRAF","NP_004324","V.A712T"
"BRAF","NP_004324","V.A747V"
"BRAF","NP_004324","V.D287H"
"BRAF","NP_004324","V.E204L"
"BRAF","NP_004324","V.E275K"
"BRAF","NP_004324","V.E375D"
"BRAF","NP_004324","V.G464V"
"BRAF","NP_004324","V.G466V"
"BRAF","NP_004324","V.G469A"
"BRAF","NP_004324","V.G478_splice"
"BRAF","NP_004324","V.I208V"
"BRAF","NP_004324","V.K601N"
"BRAF","NP_004324","V.L485W"
"BRAF","NP_004324","V.L597R"
"BRAF","NP_004324","V.L597V"
"BRAF","NP_004324","V.M650I"
"BRAF","NP_004324","V.N581K"
"BRAF","NP_004324","V.N581Y"
"BRAF","NP_004324","V.P403fs"
"BRAF","NP_004324","V.P74A"
"BRAF","NP_004324","V.R682Q"
"BRAF","NP_004324","V.S273N"
"BRAF","NP_004324","V.S683N"
"BRAF","NP_004324","V.T119S"
"BRAF","NP_004324","V.V226M"
"BRAF","NP_004324","V.V600D"
"BRAF","NP_004324","V.V600E"
"BTK","NP_000052","V.D474V"
"BTK","NP_000052","V.D583A"
"BTK","NP_000052","V.E623D"
"BTK","NP_000052","V.Q413*"
"BTK","NP_000052","V.T247I"
"BTK","NP_000052","V.V138_splice"
"CASP3","NP_004337","V.H56R"
"CASP3","NP_004337","V.I139fs"
"CASP3","NP_004337","V.I160F"
"CASP3","NP_004337","V.R164H"
"CCR5","NP_0010936","V.C20S"
"CCR5","NP_0010936","V.E172A"
"CCR5","NP_0010936","V.L39V"
"CCR5","NP_0010936","V.S63C"
"CCR5","NP_0010936","V.V131F"
"CCR5","NP_0010936","V.Y68S"
"CDK1","NP_001777","V.G177R"
"CDK1","NP_001777","V.S178L"
"CDK1","NP_001777","V.S233Y"
"CDK2","NP_001789","V.R245Q"
"CDK4","NP_000066","V.K211_splice"
"CDK4","NP_000066","V.K22Q"
"CDK4","NP_000066","V.K35K"
"CDK4","NP_000066","V.M1I"
"CDK4","NP_000066","V.V20V"
"CDK6","NP_001250","V.A197S"
"CDK6","NP_001250","V.D246E"
"CDK6","NP_001250","V.H139Q"
"CDK6","NP_001250","V.R168H"
"CDK6","NP_001250","V.S57P"
"CDK6","NP_001250","V.T88S"
"CDK6","NP_001250","V.V190I"
"CDK7","NP_001790","V.L206S"
"CTNNB1","NP_001895","V.A305G"
"CTNNB1","NP_001895","V.A622S"
"CTNNB1","NP_001895","V.D412H"
"CTNNB1","NP_001895","V.D6G"
"CTNNB1","NP_001895","V.E562_splice"
"CTNNB1","NP_001895","V.G34E"
"CTNNB1","NP_001895","V.L275F"
"CTNNB1","NP_001895","V.Q26R"
"CTNNB1","NP_001895","V.R582Q"
"CTNNB1","NP_001895","V.R661Q"
"CTNNB1","NP_001895","V.S33C"
"CTNNB1","NP_001895","V.S33F"
"CTNNB1","NP_001895","V.S33Y"
"CTNNB1","NP_001895","V.S37P"
"CTNNB1","NP_001895","V.S45del"
"CTNNB1","NP_001895","V.T41A"
"CTNNB1","NP_001895","V.T551T"
"CTNNB1","NP_001895","V.T75A"
"DHFR","NP_000782","V.W25*"
"EGFR","NP_005219","V.A1102V"
"EGFR","NP_005219","V.A289D"
"EGFR","NP_005219","V.A289V"
"EGFR","NP_005219","V.A755D"
"EGFR","NP_005219","V.C311F"
"EGFR","NP_005219","V.E282K"
"EGFR","NP_005219","V.E543fs"
"EGFR","NP_005219","V.E711K"
"EGFR","NP_005219","V.E734*"
"EGFR","NP_005219","V.E758K"
"EGFR","NP_005219","V.E928G"
"EGFR","NP_005219","V.ELR746del"
"EGFR","NP_005219","V.ELREA746del"
"EGFR","NP_005219","V.G719S"
"EGFR","NP_005219","V.K209N"
"EGFR","NP_005219","V.L815F"
"EGFR","NP_005219","V.L858R"
"EGFR","NP_005219","V.N234D"
"EGFR","NP_005219","V.P753S"
"EGFR","NP_005219","V.Q1159H"
"EGFR","NP_005219","V.Q486E"
"EGFR","NP_005219","V.R1068*"
"EGFR","NP_005219","V.R165Q"
"EGFR","NP_005219","V.R531*"
"EGFR","NP_005219","V.R973Q"
"EGFR","NP_005219","V.R98Q"
"EGFR","NP_005219","V.S1130G"
"EGFR","NP_005219","V.S768I"
"EGFR","NP_005219","V.T39T"
"EGFR","NP_005219","V.T68fs"
"EGFR","NP_005219","V.T751I"
"EGFR","NP_005219","V.T790M"
"EGFR","NP_005219","V.T940A"
"EGFR","NP_005219","V.V1011M"
"EGFR","NP_005219","V.V292L"
"EGFR","NP_005219","V.V592F"
"EGFR","NP_005219","V.W1157C"
"EGFR","NP_005219","V.Y1069C"
"ERBB2","NP_004439","V.A115A"
"ERBB2","NP_004439","V.A1186A"
"ERBB2","NP_004439","V.A830V"
"ERBB2","NP_004439","V.E1229*"
"ERBB2","NP_004439","V.E744K"
"ERBB2","NP_004439","V.G152fs"
"ERBB2","NP_004439","V.G776V"
"ERBB2","NP_004439","V.L145L"
"ERBB2","NP_004439","V.L720P"
"ERBB2","NP_004439","V.L755S"
"ERBB2","NP_004439","V.P230L"
"ERBB2","NP_004439","V.R100W"
"ERBB2","NP_004439","V.R217H"
"ERBB2","NP_004439","V.R226H"
"ERBB2","NP_004439","V.R678Q"
"ERBB2","NP_004439","V.R896H"
"ERBB2","NP_004439","V.S1050L"
"ERBB2","NP_004439","V.S1214N"
"ERBB2","NP_004439","V.S310F"
"ERBB2","NP_004439","V.S335C"
"ERBB2","NP_004439","V.T798I"
"ERBB2","NP_004439","V.V541M"
"ERBB2","NP_004439","V.V658A"
"ERBB2","NP_004439","V.V842I"
"FGFR1","NP_075598","V.A268S"
"FGFR1","NP_075598","V.A343V"
"FGFR1","NP_075598","V.D735N"
"FGFR1","NP_075598","V.D768N"
"FGFR1","NP_075598","V.E792K"
"FGFR1","NP_075598","V.I421V"
"FGFR1","NP_075598","V.K502N"
"FGFR1","NP_075598","V.L423L"
"FGFR1","NP_075598","V.P150L"
"FGFR1","NP_075598","V.P252S"
"FGFR1","NP_075598","V.P25P"
"FGFR1","NP_075598","V.P285S"
"FGFR1","NP_075598","V.R424H"
"FGFR1","NP_075598","V.S125L"
"FGFR1","NP_075598","V.T726I"
"FGFR1","NP_075598","V.T79A"
"FGFR1","NP_075598","V.V102I"
"FGFR1","NP_075598","V.V116I"
"FGFR3","NP_0011566","V.K652E"
"FGFR3","NP_0011566","V.N720S"
"FGFR3","NP_0011566","V.P404L"
"FGFR3","NP_0011566","V.Q771Q"
"FGFR3","NP_0011566","V.R248C"
"FGFR3","NP_0011566","V.S773F"
"FGFR3","NP_0011566","V.V89fs"
"FLT1","NP_002010","V.A434D"
"FLT1","NP_002010","V.A45S"
"FLT1","NP_002010","V.A769V"
"FLT1","NP_002010","V.A859D"
"FLT1","NP_002010","V.C1018Y"
"FLT1","NP_002010","V.C1039S"
"FLT1","NP_002010","V.C480R"
"FLT1","NP_002010","V.D1052N"
"FLT1","NP_002010","V.E201D"
"FLT1","NP_002010","V.E33K"
"FLT1","NP_002010","V.E689K"
"FLT1","NP_002010","V.E789K"
"FLT1","NP_002010","V.E973K"
"FLT1","NP_002010","V.G839E"
"FLT1","NP_002010","V.I623M"
"FLT1","NP_002010","V.I655T"
"FLT1","NP_002010","V.L1061V"
"FLT1","NP_002010","V.L563W"
"FLT1","NP_002010","V.L583fs"
"FLT1","NP_002010","V.M509V"
"FLT1","NP_002010","V.M609fs"
"FLT1","NP_002010","V.N425H"
"FLT1","NP_002010","V.P1253L"
"FLT1","NP_002010","V.P143S"
"FLT1","NP_002010","V.P460S"
"FLT1","NP_002010","V.Q98*"
"FLT1","NP_002010","V.R1045Q"
"FLT1","NP_002010","V.R1114S"
"FLT1","NP_002010","V.R159L"
"FLT1","NP_002010","V.R280*"
"FLT1","NP_002010","V.R781Q"
"FLT1","NP_002010","V.S1190F"
"FLT1","NP_002010","V.S1277N"
"FLT1","NP_002010","V.S437L"
"FLT1","NP_002010","V.S788F"
"FLT1","NP_002010","V.T654A"
"FLT1","NP_002010","V.V1087A"
"FLT1","NP_002010","V.V1162L"
"FLT1","NP_002010","V.V1214A"
"FLT3","NP_004110","V.A680V"
"FLT3","NP_004110","V.A953V"
"FLT3","NP_004110","V.A953_splice"
"FLT3","NP_004110","V.E661V"
"FLT3","NP_004110","V.G739R"
"FLT3","NP_004110","V.K634N"
"FLT3","NP_004110","V.L442P"
"FLT3","NP_004110","V.M737V"
"FLT3","NP_004110","V.N323K"
"FLT3","NP_004110","V.P336L"
"FLT3","NP_004110","V.P738H"
"FLT3","NP_004110","V.P738R"
"FLT3","NP_004110","V.P937H"
"FLT3","NP_004110","V.Q910*"
"FLT3","NP_004110","V.R311W"
"FLT3","NP_004110","V.R849C"
"FLT3","NP_004110","V.S404F"
"FLT3","NP_004110","V.S448C"
"FLT3","NP_004110","V.S985fs"
"FLT3","NP_004110","V.V197A"
"FLT3","NP_004110","V.V592A"
"FLT3","NP_004110","V.Y376C"
"FNTA","NP_002018","V.K330T"
"FNTA","NP_002018","V.R287C"
"FNTA","NP_002018","V.S290Y"
"FNTA","NP_002018","V.W208*"
"GSK3A","NP_063937","V.A118D"
"GSK3A","NP_063937","V.D255E"
"GSK3A","NP_063937","V.K186del"
"GSK3A","NP_063937","V.P349fs"
"GSK3B","NP_002084","V.A410V"
"GSK3B","NP_002084","V.F318L"
"GSK3B","NP_002084","V.G65E"
"GSK3B","NP_002084","V.H310Q"
"GSK3B","NP_002084","V.R367*"
"GSK3B","NP_002084","V.V126I"
"HDAC1","NP_004955","V.A282T"
"HDAC1","NP_004955","V.D210G"
"HDAC1","NP_004955","V.E203K"
"HDAC1","NP_004955","V.E455del"
"HDAC1","NP_004955","V.E461K"
"HDAC1","NP_004955","V.E468del"
"HDAC1","NP_004955","V.I79V"
"HDAC1","NP_004955","V.K476Q"
"HDAC1","NP_004955","V.R431H"
"HDAC1","NP_004955","V.S78P"
"HDAC2","NP_001518","V.81_82insS"
"HDAC2","NP_001518","V.A214_splice"
"HDAC2","NP_001518","V.E279*"
"HDAC2","NP_001518","V.G232R"
"HDAC2","NP_001518","V.K105fs"
"HDAC2","NP_001518","V.P49L"
"HDAC2","NP_001518","V.P5S"
"HDAC2","NP_001518","V.R503*"
"HDAC2","NP_001518","V.S81del"
"HDAC2","NP_001518","V.T553fs"
"HDAC3","NP_003874","V.D391N"
"HDAC3","NP_003874","V.L384F"
"HDAC3","NP_003874","V.P23R"
"HDAC3","NP_003874","V.R301*"
"HDAC3","NP_003874","V.R345C"
"HDAC3","NP_003874","V.V280I"
"HDAC3","NP_003874","V.Y354_splice"
"HDAC6","NP_006035","V.A612T"
"HDAC6","NP_006035","V.E597_splice"
"HDAC6","NP_006035","V.G696S"
"HDAC6","NP_006035","V.P1123V"
"HDAC6","NP_006035","V.P45S"
"HDAC6","NP_006035","V.S1068F"
"HDAC6","NP_006035","V.T4I"
"HDAC6","NP_006035","V.V1151I"
"HDAC6","NP_006035","V.V395I"
"HDAC8","NP_060956","V.D29V"
"HDAC8","NP_060956","V.D87Y"
"HDAC8","NP_060956","V.I172I"
"HDAC8","NP_060956","V.L160L"
"HDAC8","NP_060956","V.L31L"
"HDAC8","NP_060956","V.N136S"
"HDAC8","NP_060956","V.R223fs"
"HSP90AA1","NP_0010179","V.367_368insK"
"HSP90AA1","NP_0010179","V.D349H"
"HSP90AA1","NP_0010179","V.D515N"
"HSP90AA1","NP_0010179","V.E164E"
"HSP90AA1","NP_0010179","V.E390del"
"HSP90AA1","NP_0010179","V.E430del"
"HSP90AA1","NP_0010179","V.E619D"
"HSP90AA1","NP_0010179","V.F159F"
"HSP90AA1","NP_0010179","V.I402V"
"HSP90AA1","NP_0010179","V.K363del"
"HSP90AA1","NP_0010179","V.K401del"
"HSP90AA1","NP_0010179","V.K681N"
"HSP90AA1","NP_0010179","V.N626D"
"HSP90AA1","NP_0010179","V.P115S"
"HSP90AA1","NP_0010179","V.R467Q"
"HSP90AA1","NP_0010179","V.S16F"
"HSP90AA1","NP_0010179","V.S374L"
"HSP90AA1","NP_0010179","V.S75T"
"HSP90AA1","NP_0010179","V.T317I"
"HSP90AA1","NP_0010179","V.Y726F"
"HSP90AB1","NP_031381","V.A610T"
"HSP90AB1","NP_031381","V.A662T"
"HSP90AB1","NP_031381","V.A717V"
"HSP90AB1","NP_031381","V.C366Y"
"HSP90AB1","NP_031381","V.D244N"
"HSP90AB1","NP_031381","V.E238E"
"HSP90AB1","NP_031381","V.E246Q"
"HSP90AB1","NP_031381","V.E555D"
"HSP90AB1","NP_031381","V.F433L"
"HSP90AB1","NP_031381","V.G120D"
"HSP90AB1","NP_031381","V.G488_splice"
"HSP90AB1","NP_031381","V.G92D"
"HSP90AB1","NP_031381","V.K623fs"
"HSP90AB1","NP_031381","V.L138V"
"HSP90AB1","NP_031381","V.M617R"
"HSP90AB1","NP_031381","V.P212S"
"HSP90AB1","NP_031381","V.P673S"
"HSP90AB1","NP_031381","V.Q18E"
"HSP90AB1","NP_031381","V.R196K"
"HSP90AB1","NP_031381","V.R197Q"
"HSP90AB1","NP_031381","V.R82C"
"HSP90AB1","NP_031381","V.S587L"
"HSP90AB1","NP_031381","V.T637M"
"HSP90AB1","NP_031381","V.V202V"
"HSP90AB1","NP_031381","V.V575A"
"HSP90AB4P","NR_002927","V.411_421EWKKGFEVIYM"
"HSP90AB4P","NR_002927","V.I354del"
"HSP90B1","NP_003290","V.D368G"
"HSP90B1","NP_003290","V.D499N"
"HSP90B1","NP_003290","V.E758Q"
"HSP90B1","NP_003290","V.E791del"
"HSP90B1","NP_003290","V.I673N"
"HSP90B1","NP_003290","V.L729S"
"HSP90B1","NP_003290","V.M541I"
"HSP90B1","NP_003290","V.P644L"
"HSP90B1","NP_003290","V.R557*"
"HSP90B1","NP_003290","V.R699Q"
"HSP90B1","NP_003290","V.R70fs"
"HSP90B1","NP_003290","V.S403F"
"HSP90B1","NP_003290","V.T245M"
"HSP90B1","NP_003290","V.T246A"
"HSP90B1","NP_003290","V.Y678C"
"HSP90B3P","NR_003130","V.K159fs"
"HSP90B3P","NR_003130","V.K315fs"
"HSP90B3P","NR_003130","V.K348fs"
"IGF1R","NP_000866","V.A828T"
"IGF1R","NP_000866","V.A939T"
"IGF1R","NP_000866","V.D1146N"
"IGF1R","NP_000866","V.D38N"
"IGF1R","NP_000866","V.E1037K"
"IGF1R","NP_000866","V.E1289*"
"IGF1R","NP_000866","V.I594V"
"IGF1R","NP_000866","V.K630R"
"IGF1R","NP_000866","V.L133P"
"IGF1R","NP_000866","V.L360F"
"IGF1R","NP_000866","V.N792D"
"IGF1R","NP_000866","V.P989S"
"IGF1R","NP_000866","V.R1246C"
"IGF1R","NP_000866","V.R1353H"
"IGF1R","NP_000866","V.R252C"
"IGF1R","NP_000866","V.R275C"
"IGF1R","NP_000866","V.R461H"
"IGF1R","NP_000866","V.S501S"
"IGF1R","NP_000866","V.T104M"
"IGF1R","NP_000866","V.T524S"
"IGF1R","NP_000866","V.T758M"
"IGF1R","NP_000866","V.V554M"
"IKBKE","NP_054721","V.A346fs"
"IKBKE","NP_054721","V.E178D"
"IKBKE","NP_054721","V.G422S"
"IKBKE","NP_054721","V.I703I"
"IKBKE","NP_054721","V.L70L"
"IKBKE","NP_054721","V.Q81*"
"IKBKE","NP_054721","V.R706W"
"ITK","NP_005537","V.N151H"
"ITK","NP_005537","V.P558T"
"JAK2","NP_004963","V.E592K"
"JAK2","NP_004963","V.G1093R"
"JAK2","NP_004963","V.L383P"
"JAK2","NP_004963","V.P811T"
"JAK2","NP_004963","V.R1117M"
"JAK2","NP_004963","V.S507*"
"JAK2","NP_004963","V.T7M"
"JAK2","NP_004963","V.V617F"
"JAK2","NP_004963","V.V80M"
"KDR","NP_002244","V.286_287KK>K"
"KDR","NP_002244","V.A1103D"
"KDR","NP_002244","V.A991_splice"
"KDR","NP_002244","V.C466F"
"KDR","NP_002244","V.D392N"
"KDR","NP_002244","V.D710A"
"KDR","NP_002244","V.D958Y"
"KDR","NP_002244","V.E167*"
"KDR","NP_002244","V.E261V"
"KDR","NP_002244","V.E685G"
"KDR","NP_002244","V.G1145R"
"KDR","NP_002244","V.G1304C"
"KDR","NP_002244","V.G152V"
"KDR","NP_002244","V.G255R"
"KDR","NP_002244","V.G333V"
"KDR","NP_002244","V.G424D"
"KDR","NP_002244","V.G671E"
"KDR","NP_002244","V.G837_splice"
"KDR","NP_002244","V.H1004N"
"KDR","NP_002244","V.H1213Q"
"KDR","NP_002244","V.I915T"
"KDR","NP_002244","V.I915V"
"KDR","NP_002244","V.K496T"
"KDR","NP_002244","V.P230S"
"KDR","NP_002244","V.Q2R"
"KDR","NP_002244","V.Q738*"
"KDR","NP_002244","V.R1022*"
"KDR","NP_002244","V.R1126S"
"KDR","NP_002244","V.R249I"
"KDR","NP_002244","V.R575T"
"KDR","NP_002244","V.R791Q"
"KDR","NP_002244","V.S1037L"
"KDR","NP_002244","V.S1281F"
"KDR","NP_002244","V.S1303N"
"KDR","NP_002244","V.S471_splice"
"KDR","NP_002244","V.S633F"
"KDR","NP_002244","V.T1339I"
"KDR","NP_002244","V.T293I"
"KDR","NP_002244","V.V171L"
"KDR","NP_002244","V.Y357N"
"KIT","NP_000213","V.A616fs"
"KIT","NP_000213","V.A794E"
"KIT","NP_000213","V.A897V"
"KIT","NP_000213","V.D284Y"
"KIT","NP_000213","V.D876Y"
"KIT","NP_000213","V.E306*"
"KIT","NP_000213","V.E640K"
"KIT","NP_000213","V.G169D"
"KIT","NP_000213","V.G779C"
"KIT","NP_000213","V.I415M"
"KIT","NP_000213","V.L117I"
"KIT","NP_000213","V.L160W"
"KIT","NP_000213","V.M535T"
"KIT","NP_000213","V.M882V"
"KIT","NP_000213","V.N130D"
"KIT","NP_000213","V.N787_splice"
"KIT","NP_000213","V.N822K"
"KIT","NP_000213","V.P155H"
"KIT","NP_000213","V.P41fs"
"KIT","NP_000213","V.R112I"
"KIT","NP_000213","V.R135H"
"KIT","NP_000213","V.R205W"
"KIT","NP_000213","V.S959Y"
"KIT","NP_000213","V.T304A"
"MAP2K1","NP_002746","V.A390T"
"MAP2K1","NP_002746","V.D190Y"
"MAP2K1","NP_002746","V.D351G"
"MAP2K1","NP_002746","V.D67N"
"MAP2K1","NP_002746","V.G80S"
"MAP2K1","NP_002746","V.H119Y"
"MAP2K1","NP_002746","V.P124L"
"MAP2K1","NP_002746","V.P124S"
"MAP2K1","NP_002746","V.Q354H"
"MAP2K1","NP_002746","V.Q56P"
"MAP2K1","NP_002746","V.R260M"
"MAP2K1","NP_002746","V.R49C"
"MAP2K1","NP_002746","V.S299_splice"
"MAP2K1","NP_002746","V.Y134C"
"MAP2K2","NP_109587","V.A110V"
"MAP2K2","NP_109587","V.I200V"
"MAP2K2","NP_109587","V.M150T"
"MAP2K2","NP_109587","V.Q38H"
"MAP2K2","NP_109587","V.Q60P"
"MAP2K2","NP_109587","V.S94L"
"MAPK11","NP_002742","V.P264fs"
"MAPK11","NP_002742","V.S293I"
"MAPK11","NP_002742","V.Y200Y"
"MAPK12","NP_002960","V.E312K"
"MAPK12","NP_002960","V.E318G"
"MAPK12","NP_002960","V.G303D"
"MAPK12","NP_002960","V.K155K"
"MAPK12","NP_002960","V.P309L"
"MAPK12","NP_002960","V.Q234*"
"MAPK12","NP_002960","V.T206T"
"MAPK12","NP_002960","V.Y261C"
"MAPK13","NP_002745","V.E345D"
"MAPK13","NP_002745","V.L130R"
"MAPK14","NP_001306","V.E71K"
"MAPK14","NP_001306","V.F348F"
"MAPK14","NP_001306","V.L13L"
"MAPK14","NP_001306","V.L164P"
"MAPK14","NP_001306","V.P243T"
"MAPK14","NP_001306","V.P322R"
"MAPK7","NP_620602","V.A653V"
"MAPK7","NP_620602","V.A658V"
"MAPK7","NP_620602","V.A665T"
"MAPK7","NP_620602","V.R259C"
"MAPK8","NP_620635","V.A409S"
"MAPK8","NP_620635","V.C79Y"
"MAPK8","NP_620635","V.D103H"
"MAPK8","NP_620635","V.D112G"
"MAPK8","NP_620635","V.D277V"
"MAPK8","NP_620635","V.G177*"
"MAPK8","NP_620635","V.H149R"
"MAPK8","NP_620635","V.I157V"
"MAPK8","NP_620635","V.P406P"
"MAPK8","NP_620635","V.Y259F"
"MCL1","NP_068779","V.A94A"
"MCL1","NP_068779","V.R74Q"
"MCL1","NP_068779","V.S73P"
"MDM2","NP_002383","V.C314Y"
"MDM2","NP_002383","V.D245H"
"MDM2","NP_002383","V.E150E"
"MDM2","NP_002383","V.E333D"
"MDM2","NP_002383","V.I195T"
"MDM2","NP_002383","V.K369fs"
"MDM2","NP_002383","V.L181V"
"MDM2","NP_002383","V.P301T"
"MDM2","NP_002383","V.S304P"
"MDM2","NP_002383","V.S4R"
"MET","NP_0011209","V.D1028_splice"
"MET","NP_0011209","V.D1240N"
"MET","NP_0011209","V.D981_splice"
"MET","NP_0011209","V.E815D"
"MET","NP_0011209","V.G109R"
"MET","NP_0011209","V.G24E"
"MET","NP_0011209","V.G344R"
"MET","NP_0011209","V.G456fs"
"MET","NP_0011209","V.G843R"
"MET","NP_0011209","V.I333L"
"MET","NP_0011209","V.I852F"
"MET","NP_0011209","V.L1158F"
"MET","NP_0011209","V.L211W"
"MET","NP_0011209","V.L530V"
"MET","NP_0011209","V.N375K"
"MET","NP_0011209","V.P761S"
"MET","NP_0011209","V.R1166*"
"MET","NP_0011209","V.R1184Q"
"MET","NP_0011209","V.S135N"
"MET","NP_0011209","V.S244Y"
"MET","NP_0011209","V.T17I"
"MET","NP_0011209","V.T86I"
"MET","NP_0011209","V.V1007I"
"MET","NP_0011209","V.V1368D"
"MET","NP_0011209","V.V237fs"
"MET","NP_0011209","V.V941L"
"MET","NP_0011209","V.Y989*"
"MET","NP_0011209","V.Y989C"
"MTOR","NP_004949","V.A1134V"
"MTOR","NP_004949","V.A1728S"
"MTOR","NP_004949","V.A41P"
"MTOR","NP_004949","V.A41T"
"MTOR","NP_004949","V.C1483Y"
"MTOR","NP_004949","V.E1427Q"
"MTOR","NP_004949","V.E1921V"
"MTOR","NP_004949","V.G1491S"
"MTOR","NP_004949","V.G2238D"
"MTOR","NP_004949","V.G803*"
"MTOR","NP_004949","V.H2340R"
"MTOR","NP_004949","V.H262R"
"MTOR","NP_004949","V.I2017T"
"MTOR","NP_004949","V.I261V"
"MTOR","NP_004949","V.K243R"
"MTOR","NP_004949","V.M2345V"
"MTOR","NP_004949","V.M488I"
"MTOR","NP_004949","V.N1765D"
"MTOR","NP_004949","V.P1254L"
"MTOR","NP_004949","V.P1408S"
"MTOR","NP_004949","V.P453L"
"MTOR","NP_004949","V.Q2072*"
"MTOR","NP_004949","V.R1201Q"
"MTOR","NP_004949","V.R1208C"
"MTOR","NP_004949","V.R1612Q"
"MTOR","NP_004949","V.R1709H"
"MTOR","NP_004949","V.R1749Q"
"MTOR","NP_004949","V.R2152C"
"MTOR","NP_004949","V.R2430M"
"MTOR","NP_004949","V.S1178F"
"MTOR","NP_004949","V.T1837N"
"MTOR","NP_004949","V.T2232I"
"MTOR","NP_004949","V.T2509A"
"MTOR","NP_004949","V.V1801G"
"MTOR","NP_004949","V.V2389_splice"
"MTOR","NP_004949","V.V420I"
"MTOR","NP_004949","V.V808_splice"
"MTOR","NP_004949","V.W1456R"
"NFKB1","NP_003989","V.C704F"
"NFKB1","NP_003989","V.D917_splice"
"NFKB1","NP_003989","V.D958H"
"NFKB1","NP_003989","V.E195Q"
"NFKB1","NP_003989","V.G377S"
"NFKB1","NP_003989","V.G380A"
"NFKB1","NP_003989","V.K131N"
"NFKB1","NP_003989","V.M14_splice"
"NFKB1","NP_003989","V.M431L"
"NFKB1","NP_003989","V.R614H"
"NFKB1","NP_003989","V.T585M"
"NFKB1","NP_003989","V.V61A"
"NTRK1","NP_002520","V.A336E"
"NTRK1","NP_002520","V.A421V"
"NTRK1","NP_002520","V.D793A"
"NTRK1","NP_002520","V.G595E"
"NTRK1","NP_002520","V.G620fs"
"NTRK1","NP_002520","V.P387L"
"NTRK1","NP_002520","V.R452C"
"NTRK1","NP_002520","V.R583fs"
"NTRK1","NP_002520","V.R748W"
"NTRK1","NP_002520","V.S475C"
"NTRK1","NP_002520","V.T678I"
"NTRK1","NP_002520","V.V170A"
"NTRK1","NP_002520","V.V294L"
"P4HB","NP_000909","V.A336S"
"P4HB","NP_000909","V.A434V"
"P4HB","NP_000909","V.D163D"
"P4HB","NP_000909","V.D365G"
"P4HB","NP_000909","V.E460fs"
"P4HB","NP_000909","V.F288F"
"P4HB","NP_000909","V.N387fs"
"P4HB","NP_000909","V.R345L"
"P4HB","NP_000909","V.T453A"
"P4HB","NP_000909","V.T85T"
"PAK1","NP_0011220","V.D178E"
"PAK1","NP_0011220","V.T283T"
"PAK1","NP_0011220","V.T292I"
"PAK1","NP_0011220","V.V189V"
"PARP1","NP_001609","V.E26Q"
"PARP1","NP_001609","V.E602Q"
"PARP1","NP_001609","V.G417fs"
"PARP1","NP_001609","V.G913fs"
"PARP1","NP_001609","V.G96_splice"
"PARP1","NP_001609","V.K230N"
"PARP1","NP_001609","V.P850L"
"PARP1","NP_001609","V.P882L"
"PARP1","NP_001609","V.S785N"
"PARP1","NP_001609","V.T910A"
"PDGFRA","NP_006197","V.A530R"
"PDGFRA","NP_006197","V.D1033V"
"PDGFRA","NP_006197","V.D123_splice"
"PDGFRA","NP_006197","V.D244V"
"PDGFRA","NP_006197","V.D775_splice"
"PDGFRA","NP_006197","V.D919E"
"PDGFRA","NP_006197","V.E1085D"
"PDGFRA","NP_006197","V.E241D"
"PDGFRA","NP_006197","V.E289K"
"PDGFRA","NP_006197","V.E887D"
"PDGFRA","NP_006197","V.E927Q"
"PDGFRA","NP_006197","V.E93K"
"PDGFRA","NP_006197","V.G1017V"
"PDGFRA","NP_006197","V.G133E"
"PDGFRA","NP_006197","V.G426D"
"PDGFRA","NP_006197","V.I497V"
"PDGFRA","NP_006197","V.I965N"
"PDGFRA","NP_006197","V.L250I"
"PDGFRA","NP_006197","V.M1073I"
"PDGFRA","NP_006197","V.N232S"
"PDGFRA","NP_006197","V.N848I"
"PDGFRA","NP_006197","V.P1021H"
"PDGFRA","NP_006197","V.P250H"
"PDGFRA","NP_006197","V.P345H"
"PDGFRA","NP_006197","V.P577T"
"PDGFRA","NP_006197","V.Q323E"
"PDGFRA","NP_006197","V.Q551_splice"
"PDGFRA","NP_006197","V.Q736H"
"PDGFRA","NP_006197","V.R914W"
"PDGFRA","NP_006197","V.R979C"
"PDGFRA","NP_006197","V.T124fs"
"PDGFRA","NP_006197","V.T230M"
"PDGFRA","NP_006197","V.T266P"
"PDGFRA","NP_006197","V.T83M"
"PDGFRA","NP_006197","V.T95S"
"PDGFRA","NP_006197","V.V205F"
"PDGFRA","NP_006197","V.W57R"
"PDGFRA","NP_006197","V.Y172F"
"PDGFRA","NP_006197","V.Y273S"
"PDGFRA","NP_006197","V.Y962*"
"PDGFRA","NP_006197","V.Y98*"
"PDGFRB","NP_002600","V.A11A"
"PDGFRB","NP_002600","V.A132A"
"PDGFRB","NP_002600","V.A6A"
"PDGFRB","NP_002600","V.D166D"
"PDGFRB","NP_002600","V.D166G"
"PDGFRB","NP_002600","V.E1069K"
"PDGFRB","NP_002600","V.E364G"
"PDGFRB","NP_002600","V.G181V"
"PDGFRB","NP_002600","V.L22L"
"PDGFRB","NP_002600","V.L85L"
"PDGFRB","NP_002600","V.L883M"
"PDGFRB","NP_002600","V.L954M"
"PDGFRB","NP_002600","V.N718Y"
"PDGFRB","NP_002600","V.P753T"
"PDGFRB","NP_002600","V.P774L"
"PDGFRB","NP_002600","V.Q155*"
"PDGFRB","NP_002600","V.Q519H"
"PDGFRB","NP_002600","V.R106G"
"PDGFRB","NP_002600","V.R177C"
"PDGFRB","NP_002600","V.R437C"
"PDGFRB","NP_002600","V.R456S"
"PDGFRB","NP_002600","V.R685C"
"PDGFRB","NP_002600","V.S180S"
"PDGFRB","NP_002600","V.S280R"
"PDGFRB","NP_002600","V.S373S"
"PDGFRB","NP_002600","V.T369R"
"PDGFRB","NP_002600","V.T882I"
"PDGFRB","NP_002600","V.T88I"
"PDGFRB","NP_002600","V.V221M"
"PDK1","NP_002601","V.A386T"
"PDK1","NP_002601","V.P283T"
"PDK1","NP_002601","V.Q111H"
"PDK1","NP_002601","V.R368H"
"PDK1","NP_002601","V.S382L"
"PDK1","NP_002601","V.S455G"
"PIK3CA","NP_006209","V.*1069W"
"PIK3CA","NP_006209","V.A1066V"
"PIK3CA","NP_006209","V.E365K"
"PIK3CA","NP_006209","V.E453K"
"PIK3CA","NP_006209","V.E542K"
"PIK3CA","NP_006209","V.E545A"
"PIK3CA","NP_006209","V.E545D"
"PIK3CA","NP_006209","V.E545K"
"PIK3CA","NP_006209","V.E674Q"
"PIK3CA","NP_006209","V.G914R"
"PIK3CA","NP_006209","V.G967R"
"PIK3CA","NP_006209","V.GNR106del"
"PIK3CA","NP_006209","V.H1047L"
"PIK3CA","NP_006209","V.H1047R"
"PIK3CA","NP_006209","V.H1047Y"
"PIK3CA","NP_006209","V.H510N"
"PIK3CA","NP_006209","V.K111N"
"PIK3CA","NP_006209","V.K111R"
"PIK3CA","NP_006209","V.K567R"
"PIK3CA","NP_006209","V.N345S"
"PIK3CA","NP_006209","V.P124L"
"PIK3CA","NP_006209","V.P283S"
"PIK3CA","NP_006209","V.P449T"
"PIK3CA","NP_006209","V.P539R"
"PIK3CA","NP_006209","V.Q546R"
"PIK3CA","NP_006209","V.Q75E"
"PIK3CA","NP_006209","V.R38C"
"PIK3CA","NP_006209","V.R693H"
"PIK3CA","NP_006209","V.R93W"
"PIK3CA","NP_006209","V.W386L"
"PIK3CB","NP_006210","V.A515T"
"PIK3CB","NP_006210","V.A686T"
"PIK3CB","NP_006210","V.D1067V"
"PIK3CB","NP_006210","V.G974R"
"PIK3CB","NP_006210","V.L933P"
"PIK3CB","NP_006210","V.R604fs"
"PIK3CB","NP_006210","V.R811*"
"PIK3CD","NP_005017","V.A152T"
"PIK3CD","NP_005017","V.A218V"
"PIK3CD","NP_005017","V.G4E"
"PIK3CD","NP_005017","V.G617R"
"PIK3CD","NP_005017","V.G710_splice"
"PIK3CD","NP_005017","V.G995R"
"PIK3CD","NP_005017","V.M707I"
"PIK3CD","NP_005017","V.R845C"
"PIK3CG","NP_002640","V.A253T"
"PIK3CG","NP_002640","V.A569T"
"PIK3CG","NP_002640","V.C936fs"
"PIK3CG","NP_002640","V.D192N"
"PIK3CG","NP_002640","V.G343S"
"PIK3CG","NP_002640","V.H693Q"
"PIK3CG","NP_002640","V.I287M"
"PIK3CG","NP_002640","V.L1092H"
"PIK3CG","NP_002640","V.M1039T"
"PIK3CG","NP_002640","V.M259I"
"PIK3CG","NP_002640","V.P208L"
"PIK3CG","NP_002640","V.P563T"
"PIK3CG","NP_002640","V.R178C"
"PIK3CG","NP_002640","V.R472P"
"PIK3CG","NP_002640","V.R849*"
"PIK3CG","NP_002640","V.T827R"
"PIK3CG","NP_002640","V.T939N"
"PIK3CG","NP_002640","V.V305M"
"PIK3CG","NP_002640","V.Y672*"
"PLK1","NP_005021","V.A520T"
"PLK1","NP_005021","V.A583T"
"PLK1","NP_005021","V.I296V"
"PLK1","NP_005021","V.K265*"
"PLK1","NP_005021","V.K474E"
"PLK1","NP_005021","V.P151S"
"PLK1","NP_005021","V.R500H"
"PLK1","NP_005021","V.R579W"
"PLK1","NP_005021","V.R581C"
"PLK1","NP_005021","V.S107N"
"PLK1","NP_005021","V.S224R"
"PLK1","NP_005021","V.S595L"
"PLK2","NP_006613","V.D560V"
"PLK2","NP_006613","V.G92S"
"PLK2","NP_006613","V.L304M"
"PLK2","NP_006613","V.M468T"
"PLK2","NP_006613","V.Q409R"
"PLK2","NP_006613","V.T570M"
"PLK3","NP_004064","V.G256E"
"PLK3","NP_004064","V.P101S"
"PRKAA1","NP_996790","V.S468N"
"PRKAA1","NP_996790","V.S509W"
"PRKCA","NP_002728","V.A17A"
"PRKCA","NP_002728","V.D411_splice"
"PRKCA","NP_002728","V.K486N"
"PRKCA","NP_002728","V.L403Q"
"PRKCA","NP_002728","V.R161W"
"PRKCA","NP_002728","V.R238*"
"PRKCA","NP_002728","V.R302K"
"PRKCA","NP_002728","V.T54T"
"PRKCB","NP_002729","V.A509T"
"PRKCB","NP_002729","V.A621T"
"PRKCB","NP_002729","V.C115F"
"PRKCB","NP_002729","V.C50*"
"PRKCB","NP_002729","V.D475N"
"PRKCB","NP_002729","V.D475Y"
"PRKCB","NP_002729","V.E385D"
"PRKCB","NP_002729","V.G294E"
"PRKCB","NP_002729","V.G543V"
"PRKCB","NP_002729","V.K181fs"
"PRKCB","NP_002729","V.M137I"
"PRKCB","NP_002729","V.M337I"
"PRKCB","NP_002729","V.N189Y"
"PRKCB","NP_002729","V.P616T"
"PRKCB","NP_002729","V.P669R"
"PRKCB","NP_002729","V.Q128H"
"PRKCB","NP_002729","V.Q433H"
"PRKCB","NP_002729","V.R336L"
"PRKCB","NP_002729","V.R624Q"
"PRKCB","NP_002729","V.S295N"
"PRKCD","NP_006245","V.A212T"
"PRKCD","NP_006245","V.C415Y"
"PRKCD","NP_006245","V.K576N"
"PRKCD","NP_006245","V.R449H"
"PRKCD","NP_006245","V.R569H"
"PRKCE","NP_005391","V.A15T"
"PRKCE","NP_005391","V.D505N"
"PRKCE","NP_005391","V.E149K"
"PRKCE","NP_005391","V.E328Q"
"PRKCE","NP_005391","V.E581K"
"PRKCE","NP_005391","V.E583Q"
"PRKCE","NP_005391","V.G222W"
"PRKCE","NP_005391","V.K140R"
"PRKCE","NP_005391","V.K648*"
"PRKCE","NP_005391","V.P507A"
"PRKCE","NP_005391","V.P606fs"
"PRKCE","NP_005391","V.Q656P"
"PRKCE","NP_005391","V.R377Q"
"PRKCE","NP_005391","V.V160A"
"PRKCG","NP_002730","V.A378V"
"PRKCG","NP_002730","V.D556Y"
"PRKCG","NP_002730","V.E12D"
"PRKCG","NP_002730","V.E435G"
"PRKCG","NP_002730","V.E561*"
"PRKCG","NP_002730","V.E561Q"
"PRKCG","NP_002730","V.G588_splice"
"PRKCG","NP_002730","V.H445R"
"PRKCG","NP_002730","V.H456R"
"PRKCG","NP_002730","V.H593N"
"PRKCG","NP_002730","V.P202T"
"PRKCG","NP_002730","V.P334H"
"PRKCG","NP_002730","V.R314L"
"PRKCG","NP_002730","V.T214M"
"PRKCG","NP_002730","V.T510K"
"PRKCG","NP_002730","V.V433M"
"PRKCG","NP_002730","V.V68_splice"
"PRKCH","NP_006246","V.M442V"
"PRKCH","NP_006246","V.P612L"
"PRKCH","NP_006246","V.P612fs"
"PRKCH","NP_006246","V.R149Q"
"PRKCH","NP_006246","V.R411C"
"PRKCH","NP_006246","V.R455*"
"PRKCI","NP_002731","V.A129T"
"PRKCI","NP_002731","V.D396E"
"PRKCI","NP_002731","V.E241Q"
"PRKCI","NP_002731","V.E42Q"
"PRKCI","NP_002731","V.E73K"
"PRKCI","NP_002731","V.G243D"
"PRKCI","NP_002731","V.L273fs"
"PRKCI","NP_002731","V.N311S"
"PRKCI","NP_002731","V.R130C"
"PRKCI","NP_002731","V.R151H"
"PRKCI","NP_002731","V.R480C"
"PRKCI","NP_002731","V.R523*"
"PRKCI","NP_002731","V.R55Q"
"PRKCI","NP_002731","V.S46F"
"PRKCI","NP_002731","V.T410I"
"PRKCI","NP_002731","V.V525I"
"PRKCQ","NP_006248","V.D452E"
"PRKCQ","NP_006248","V.D566E"
"PRKCQ","NP_006248","V.E329G"
"PRKCQ","NP_006248","V.E346V"
"PRKCQ","NP_006248","V.E385K"
"PRKCQ","NP_006248","V.K273N"
"PRKCQ","NP_006248","V.M418fs"
"PRKCQ","NP_006248","V.P374L"
"PRKCQ","NP_006248","V.Q104*"
"PRKCQ","NP_006248","V.R625C"
"PRKCQ","NP_006248","V.R736Q"
"PRKCQ","NP_006248","V.S718I"
"PRKCQ","NP_006248","V.T169M"
"PRKCQ","NP_006248","V.T198S"
"PRKCQ","NP_006248","V.V213F"
"PRKCQ","NP_006248","V.V66V"
"PRKCSH","NP_002734","V.E325del"
"PRKCZ","NP_002735","V.D275Y"
"PRKCZ","NP_002735","V.D541D"
"PRKCZ","NP_002735","V.I212N"
"PRKCZ","NP_002735","V.S148R"
"PRKCZ","NP_002735","V.V469L"
"PRKDC","NP_008835","V.A1302G"
"PRKDC","NP_008835","V.A1380T"
"PRKDC","NP_008835","V.A4081S"
"PRKDC","NP_008835","V.A895V"
"PRKDC","NP_008835","V.D2073V"
"PRKDC","NP_008835","V.D3619G"
"PRKDC","NP_008835","V.E713_splice"
"PRKDC","NP_008835","V.F3952_splice"
"PRKDC","NP_008835","V.F649L"
"PRKDC","NP_008835","V.G1227fs"
"PRKDC","NP_008835","V.G1599S"
"PRKDC","NP_008835","V.G2113del"
"PRKDC","NP_008835","V.G2633V"
"PRKDC","NP_008835","V.G3678V"
"PRKDC","NP_008835","V.H1304Y"
"PRKDC","NP_008835","V.H1459Y"
"PRKDC","NP_008835","V.I166fs"
"PRKDC","NP_008835","V.L1244fs"
"PRKDC","NP_008835","V.L2402F"
"PRKDC","NP_008835","V.L2892R"
"PRKDC","NP_008835","V.L919F"
"PRKDC","NP_008835","V.N3605fs"
"PRKDC","NP_008835","V.P2708S"
"PRKDC","NP_008835","V.P3623S"
"PRKDC","NP_008835","V.Q1584R"
"PRKDC","NP_008835","V.Q3133H"
"PRKDC","NP_008835","V.R2704fs"
"PRKDC","NP_008835","V.R3335M"
"PRKDC","NP_008835","V.R3474W"
"PRKDC","NP_008835","V.S2533*"
"PRKDC","NP_008835","V.S75N"
"PRKDC","NP_008835","V.T1703A"
"PRKDC","NP_008835","V.V2118M"
"PRKDC","NP_008835","V.Y2965C"
"PSENEN","NP_758844","V.G21_splice"
"PTK2","NP_005598","V.F691L"
"PTK2","NP_005598","V.I1005T"
"PTK2","NP_005598","V.I1060V"
"PTK2","NP_005598","V.I296I"
"PTK2","NP_005598","V.N33N"
"PTK2","NP_005598","V.P138S"
"PTK2","NP_005598","V.R833H"
"PTK2","NP_005598","V.S38L"
"PTK2","NP_005598","V.S699G"
"PTK2","NP_005598","V.S962G"
"PTPN11","NP_002825","V.F341Y"
"PTPN11","NP_002825","V.I11M"
"PTPN11","NP_002825","V.I172T"
"PTPN11","NP_002825","V.N58S"
"PTPN11","NP_002825","V.R278K"
"PTPN11","NP_002825","V.R498W"
"PTPN11","NP_002825","V.R512P"
"PTPN11","NP_002825","V.R578T"
"PTPN11","NP_002825","V.S142N"
"PTPN11","NP_002825","V.T553M"
"PTPN11","NP_002825","V.V583M"
"PTPN11","NP_002825","V.Y62H"
"PTPN6","NP_536859","V.V45fs"
"RAC1","NP_061485","V.L196V"
"RAC1","NP_061485","V.N111I"
"RAC1","NP_061485","V.N39S"
"RAC1","NP_061485","V.P29S"
"RAC1","NP_061485","V.Y32C"
"RET","NP_066124","V.A1046fs"
"RET","NP_066124","V.A1105V"
"RET","NP_066124","V.A45T"
"RET","NP_066124","V.A750T"
"RET","NP_066124","V.D1017E"
"RET","NP_066124","V.D567N"
"RET","NP_066124","V.E428K"
"RET","NP_066124","V.E991K"
"RET","NP_066124","V.F1112Y"
"RET","NP_066124","V.G387V"
"RET","NP_066124","V.G798_splice"
"RET","NP_066124","V.G798fs"
"RET","NP_066124","V.L1048F"
"RET","NP_066124","V.L318V"
"RET","NP_066124","V.L712_splice"
"RET","NP_066124","V.L746M"
"RET","NP_066124","V.M980T"
"RET","NP_066124","V.P695A"
"RET","NP_066124","V.R189H"
"RET","NP_066124","V.R360W"
"RET","NP_066124","V.R77L"
"RET","NP_066124","V.R844W"
"RET","NP_066124","V.S401C"
"RET","NP_066124","V.S561I"
"RET","NP_066124","V.S688Y"
"RET","NP_066124","V.S765F"
"RET","NP_066124","V.V637M"
"RET","NP_066124","V.Y791N"
"ROCK1","NP_005397","V.A655T"
"ROCK1","NP_005397","V.C231Y"
"ROCK1","NP_005397","V.D1014V"
"ROCK1","NP_005397","V.D447N"
"ROCK1","NP_005397","V.E717K"
"ROCK1","NP_005397","V.F121fs"
"ROCK1","NP_005397","V.K1307fs"
"ROCK1","NP_005397","V.M489T"
"ROCK1","NP_005397","V.M743I"
"ROCK1","NP_005397","V.T949I"
"ROCK1","NP_005397","V.V735I"
"ROCK2","NP_004841","V.A1013T"
"ROCK2","NP_004841","V.E639D"
"ROCK2","NP_004841","V.G49D"
"ROCK2","NP_004841","V.M822fs"
"ROCK2","NP_004841","V.M859I"
"ROCK2","NP_004841","V.N622S"
"ROCK2","NP_004841","V.P1248S"
"ROCK2","NP_004841","V.R1057Q"
"ROCK2","NP_004841","V.R1380*"
"ROCK2","NP_004841","V.R476L"
"ROCK2","NP_004841","V.R491L"
"ROCK2","NP_004841","V.V1048I"
"RPS6KA1","NP_0010066","V.A178V"
"RPS6KA1","NP_0010066","V.A61P"
"RPS6KA1","NP_0010066","V.G619V"
"RPS6KA1","NP_0010066","V.I638V"
"RPS6KA1","NP_0010066","V.K430N"
"RPS6KA1","NP_0010066","V.Q680*"
"RPS6KA1","NP_0010066","V.R443H"
"RPS6KA1","NP_0010066","V.R563H"
"RPS6KA1","NP_0010066","V.R637Q"
"RPS6KA1","NP_0010066","V.R735*"
"RPS6KA1","NP_0010066","V.T449N"
"RPS6KA2","NP_066958","V.A657S"
"RPS6KA2","NP_066958","V.C597R"
"RPS6KA2","NP_066958","V.D438N"
"RPS6KA2","NP_066958","V.D567Y"
"RPS6KA2","NP_066958","V.E336K"
"RPS6KA2","NP_066958","V.E531Q"
"RPS6KA2","NP_066958","V.H679Y"
"RPS6KA2","NP_066958","V.K676N"
"RPS6KA2","NP_066958","V.R610H"
"RPS6KA2","NP_066958","V.R747C"
"RPS6KA2","NP_066958","V.S452*"
"RPS6KA2","NP_066958","V.V739L"
"RPS6KA2","NP_066958","V.Y613C"
"RPS6KA3","NP_004577","V.D596N"
"RPS6KA3","NP_004577","V.E339*"
"RPS6KA3","NP_004577","V.H405Y"
"RPS6KA3","NP_004577","V.I735fs"
"RPS6KA3","NP_004577","V.L468del"
"RPS6KA3","NP_004577","V.R383W"
"RPS6KA3","NP_004577","V.V109G"
"RPS6KA4","NP_003933","V.A392V"
"RPS6KA4","NP_003933","V.A516G"
"RPS6KA4","NP_003933","V.A539S"
"RPS6KA4","NP_003933","V.L326V"
"RPS6KA4","NP_003933","V.R496H"
"RPS6KA4","NP_003933","V.R499W"
"RPS6KA4","NP_003933","V.S236L"
"RPS6KA4","NP_003933","V.V268M"
"RPS6KA5","NP_004746","V.A590V"
"RPS6KA5","NP_004746","V.D258H"
"RPS6KA5","NP_004746","V.I457M"
"RPS6KA5","NP_004746","V.K428R"
"RPS6KA5","NP_004746","V.L168V"
"RPS6KA5","NP_004746","V.Q466H"
"RPS6KA5","NP_004746","V.R148H"
"RPS6KA5","NP_004746","V.S788R"
"RPS6KA5","NP_004746","V.T755P"
"RPS6KA5","NP_004746","V.T775S"
"RPS6KA6","NP_055311","V.A241P"
"RPS6KA6","NP_055311","V.D371_splice"
"RPS6KA6","NP_055311","V.D667Y"
"RPS6KA6","NP_055311","V.D8D"
"RPS6KA6","NP_055311","V.F330fs"
"RPS6KA6","NP_055311","V.H47_splice"
"RPS6KA6","NP_055311","V.K109fs"
"RPS6KA6","NP_055311","V.K657_splice"
"RPS6KA6","NP_055311","V.L182P"
"RPS6KA6","NP_055311","V.L534P"
"RPS6KA6","NP_055311","V.M666I"
"RPS6KA6","NP_055311","V.Q252H"
"RPS6KA6","NP_055311","V.Q344H"
"RPS6KA6","NP_055311","V.R310S"
"RPS6KA6","NP_055311","V.S251F"
"RPS6KB2","NP_003943","V.E52K"
"RPS6KB2","NP_003943","V.G231S"
"RPS6KB2","NP_003943","V.R419Q"
"RXRA","NP_002948","V.A136T"
"RXRA","NP_002948","V.H288R"
"RXRA","NP_002948","V.P109fs"
"RXRA","NP_002948","V.P50S"
"RXRA","NP_002948","V.S66L"
"RXRA","NP_002948","V.V79V"
"RXRB","NP_068811","V.T426fs"
"SGK3","NP_0010287","V.A92V"
"SGK3","NP_0010287","V.D161E"
"SGK3","NP_0010287","V.D467E"
"SGK3","NP_0010287","V.G246V"
"SGK3","NP_0010287","V.L248fs"
"SGK3","NP_0010287","V.L358_splice"
"SGK3","NP_0010287","V.P151L"
"SGK3","NP_0010287","V.P382Q"
"SGK3","NP_0010287","V.P417L"
"SGK3","NP_0010287","V.P73S"
"SGK3","NP_0010287","V.R103S"
"SGK3","NP_0010287","V.S466F"
"SGK3","NP_0010287","V.T317N"
"SMO","NP_005622","V.A572S"
"SMO","NP_005622","V.G497V"
"SMO","NP_005622","V.N608S"
"SMO","NP_005622","V.P755P"
"SMO","NP_005622","V.T700T"
"SMO","NP_005622","V.V404M"
"SRC","NP_005408","V.D521N"
"SRC","NP_005408","V.K298E"
"SRC","NP_005408","V.P307R"
"SRC","NP_005408","V.Q312*"
"SRC","NP_005408","V.Q529H"
"SRC","NP_005408","V.R163W"
"SRC","NP_005408","V.V380M"
"SYK","NP_003168","V.A353T"
"SYK","NP_003168","V.A620T"
"SYK","NP_003168","V.E164fs"
"SYK","NP_003168","V.G578E"
"SYK","NP_003168","V.G588R"
"SYK","NP_003168","V.R42C"
"SYK","NP_003168","V.V622A"
"SYK","NP_003168","V.W330C"
"SYK","NP_003168","V.Y568H"
"TBK1","NP_037386","V.E643del"
"TBK1","NP_037386","V.P182L"
"TBK1","NP_037386","V.Q553E"
"TBK1","NP_037386","V.R117*"
"TBK1","NP_037386","V.S510I"
"TEC","NP_003206","V.E557K"
"TEC","NP_003206","V.E621K"
"TEC","NP_003206","V.G476V"
"TEC","NP_003206","V.L89R"
"TEC","NP_003206","V.P309L"
"TEC","NP_003206","V.P528S"
"TEC","NP_003206","V.P587L"
"TEC","NP_003206","V.Q471E"
"TEC","NP_003206","V.Q81E"
"TEC","NP_003206","V.R166Q"
"TEC","NP_003206","V.R583*"
"TEC","NP_003206","V.T126K"
"TEC","NP_003206","V.V465L"
"TNF","NP_000585","V.Q225K"
"TNF","NP_000585","V.S136F"
"TOP1","NP_003277","V.A351D"
"TOP1","NP_003277","V.D182A"
"TOP1","NP_003277","V.E208K"
"TOP1","NP_003277","V.E561K"
"TOP1","NP_003277","V.F279L"
"TOP1","NP_003277","V.G109V"
"TOP1","NP_003277","V.I714T"
"TOP1","NP_003277","V.K184E"
"TOP1","NP_003277","V.K326R"
"TOP1","NP_003277","V.L325_splice"
"TOP1","NP_003277","V.L360fs"
"TOP1","NP_003277","V.M675I"
"TOP1","NP_003277","V.P235T"
"WEE1","NP_003381","V.G221V"
"WEE1","NP_003381","V.Y362C"
"XIAP","NP_001158","V.D16G"
"XIAP","NP_001158","V.E350del"
"XIAP","NP_001158","V.G326_splice"
