"gene","uni_id","pdb_id"
"ABL1","P00519","1AB2"
"ABL1","P00519","1ABL"
"ABL1","P00519","1AWO"
"ABL1","P00519","1BBZ"
"ABL1","P00519","1JU5"
"ABL1","P00519","1OPL"
"ABL1","P00519","1ZZP"
"ABL1","P00519","2ABL"
"ABL1","P00519","2E2B"
"ABL1","P00519","2F4J"
"ABL1","P00519","2FO0"
"ABL1","P00519","2G1T"
"ABL1","P00519","2G2F"
"ABL1","P00519","2G2H"
"ABL1","P00519","2G2I"
"ABL1","P00519","2GQG"
"ABL1","P00519","2HIW"
"ABL1","P00519","2HYY"
"ABL1","P00519","2HZ0"
"ABL1","P00519","2HZ4"
"ABL1","P00519","2HZI"
"ABL1","P00519","2O88"
"ABL1","P00519","2V7A"
"ABL1","P00519","3CS9"
"ABL1","P00519","3EG0"
"ABL1","P00519","3EG1"
"ABL1","P00519","3EG2"
"ABL1","P00519","3EG3"
"ABL1","P00519","3EGU"
"ABL1","P00519","3K2M"
"ABL1","P00519","3PYY"
"ABL1","P00519","3QRI"
"ABL1","P00519","3QRJ"
"ABL1","P00519","3QRK"
"ABL1","P00519","3T04"
"ABL1","P00519","3UE4"
"ABL1","P00519","3UYO"
"ABL2","P42684","2ECD"
"ABL2","P42684","2KK1"
"ABL2","P42684","2XYN"
"ABL2","P42684","3GVU"
"ABL2","P42684","3HMI"
"ABL2","P42684","3ULR"
"AKT1","P31749","1H10"
"AKT1","P31749","1UNP"
"AKT1","P31749","1UNQ"
"AKT1","P31749","1UNR"
"AKT1","P31749","2UVM"
"AKT1","P31749","2UZR"
"AKT1","P31749","2UZS"
"AKT1","P31749","3CQU"
"AKT1","P31749","3CQW"
"AKT1","P31749","3MV5"
"AKT1","P31749","3MVH"
"AKT1","P31749","3O96"
"AKT1","P31749","3OCB"
"AKT1","P31749","3OW4"
"AKT1","P31749","3QKK"
"AKT1","P31749","3QKL"
"AKT1","P31749","3QKM"
"AKT2","P31751","1GZK"
"AKT2","P31751","1GZN"
"AKT2","P31751","1GZO"
"AKT2","P31751","1MRV"
"AKT2","P31751","1MRY"
"AKT2","P31751","1O6K"
"AKT2","P31751","1O6L"
"AKT2","P31751","1P6S"
"AKT2","P31751","2JDO"
"AKT2","P31751","2JDR"
"AKT2","P31751","2UW9"
"AKT2","P31751","2X39"
"AKT2","P31751","2XH5"
"AKT2","P31751","3D0E"
"AKT2","P31751","3E87"
"AKT2","P31751","3E88"
"AKT2","P31751","3E8D"
"AKT3","Q9Y243","2X18"
"ALK","Q9UM73","2KUP"
"ALK","Q9UM73","2KUQ"
"ALK","Q9UM73","2XB7"
"ALK","Q9UM73","2XBA"
"ALK","Q9UM73","2XP2"
"ALK","Q9UM73","2YFX"
"ALK","Q9UM73","2YHV"
"ALK","Q9UM73","2YS5"
"ALK","Q9UM73","2YT2"
"ALK","Q9UM73","3AOX"
"ALK","Q9UM73","3L9P"
"ALK","Q9UM73","3LCS"
"ALK","Q9UM73","3LCT"
"ALK","Q9UM73","4DCE"
"AR","P10275","1E3G"
"AR","P10275","1GS4"
"AR","P10275","1T5Z"
"AR","P10275","1T63"
"AR","P10275","1T65"
"AR","P10275","1XJ7"
"AR","P10275","1XOW"
"AR","P10275","1XQ3"
"AR","P10275","1Z95"
"AR","P10275","2AM9"
"AR","P10275","2AMA"
"AR","P10275","2AMB"
"AR","P10275","2AO6"
"AR","P10275","2AX6"
"AR","P10275","2AX7"
"AR","P10275","2AX8"
"AR","P10275","2AX9"
"AR","P10275","2AXA"
"AR","P10275","2HVC"
"AR","P10275","2OZ7"
"AR","P10275","2PIO"
"AR","P10275","2PIP"
"AR","P10275","2PIQ"
"AR","P10275","2PIR"
"AR","P10275","2PIT"
"AR","P10275","2PIU"
"AR","P10275","2PIV"
"AR","P10275","2PIW"
"AR","P10275","2PIX"
"AR","P10275","2PKL"
"AR","P10275","2PNU"
"AR","P10275","2Q7I"
"AR","P10275","2Q7J"
"AR","P10275","2Q7K"
"AR","P10275","2Q7L"
"AR","P10275","2YHD"
"AR","P10275","2YLO"
"AR","P10275","2YLP"
"AR","P10275","2YLQ"
"AR","P10275","2Z4J"
"AR","P10275","3B5R"
"AR","P10275","3B65"
"AR","P10275","3B66"
"AR","P10275","3B67"
"AR","P10275","3B68"
"AR","P10275","3BTR"
"AR","P10275","3L3X"
"AR","P10275","3L3Z"
"AR","P10275","3RLJ"
"AR","P10275","3RLL"
"AR","P10275","3ZQT"
"AURKA","O14965","1MQ4"
"AURKA","O14965","1MUO"
"AURKA","O14965","1OL5"
"AURKA","O14965","1OL6"
"AURKA","O14965","1OL7"
"AURKA","O14965","2BMC"
"AURKA","O14965","2C6D"
"AURKA","O14965","2C6E"
"AURKA","O14965","2DWB"
"AURKA","O14965","2J4Z"
"AURKA","O14965","2J50"
"AURKA","O14965","2NP8"
"AURKA","O14965","2W1C"
"AURKA","O14965","2W1D"
"AURKA","O14965","2W1E"
"AURKA","O14965","2W1F"
"AURKA","O14965","2W1G"
"AURKA","O14965","2WQE"
"AURKA","O14965","2WTV"
"AURKA","O14965","2WTW"
"AURKA","O14965","2X6D"
"AURKA","O14965","2X6E"
"AURKA","O14965","2X81"
"AURKA","O14965","2XNE"
"AURKA","O14965","2XNG"
"AURKA","O14965","2XRU"
"AURKA","O14965","3COH"
"AURKA","O14965","3E5A"
"AURKA","O14965","3EFW"
"AURKA","O14965","3FDN"
"AURKA","O14965","3H0Y"
"AURKA","O14965","3H0Z"
"AURKA","O14965","3H10"
"AURKA","O14965","3HA6"
"AURKA","O14965","3K5U"
"AURKA","O14965","3LAU"
"AURKA","O14965","3M11"
"AURKA","O14965","3MYG"
"AURKA","O14965","3NRM"
"AURKA","O14965","3O50"
"AURKA","O14965","3O51"
"AURKA","O14965","3P9J"
"AURKA","O14965","3QBN"
"AURKA","O14965","3R21"
"AURKA","O14965","3R22"
"AURKA","O14965","3UNZ"
"AURKA","O14965","3UO4"
"AURKA","O14965","3UO5"
"AURKA","O14965","3UO6"
"AURKA","O14965","3UOD"
"AURKA","O14965","3UOH"
"AURKA","O14965","3UOJ"
"AURKA","O14965","3UOK"
"AURKA","O14965","3UOL"
"AURKA","O14965","3UP2"
"AURKA","O14965","3UP7"
"AURKA","O14965","3VAP"
"AURKB","Q96GD4","4AF3"
"BCL2","P10415","1G5M"
"BCL2","P10415","1GJH"
"BCL2","P10415","1YSW"
"BCL2","P10415","2O21"
"BCL2","P10415","2O22"
"BCL2","P10415","2O2F"
"BCL2","P10415","2W3L"
"BCL2","P10415","2XA0"
"BMX","P51813","2EKX"
"BMX","P51813","2YS2"
"BMX","P51813","3SXR"
"BMX","P51813","3SXS"
"BRAF","P15056","1UWH"
"BRAF","P15056","1UWJ"
"BRAF","P15056","2FB8"
"BRAF","P15056","2L05"
"BRAF","P15056","3C4C"
"BRAF","P15056","3C4D"
"BRAF","P15056","3D4Q"
"BRAF","P15056","3IDP"
"BRAF","P15056","3II5"
"BRAF","P15056","3NY5"
"BRAF","P15056","3OG7"
"BRAF","P15056","3PPJ"
"BRAF","P15056","3PPK"
"BRAF","P15056","3PRF"
"BRAF","P15056","3PRI"
"BRAF","P15056","3PSB"
"BRAF","P15056","3PSD"
"BRAF","P15056","3Q4C"
"BRAF","P15056","3Q96"
"BRAF","P15056","3SKC"
"BRAF","P15056","3TV4"
"BRAF","P15056","3TV6"
"BRAF","P15056","4DBN"
"BTK","Q06187","1AWW"
"BTK","Q06187","1AWX"
"BTK","Q06187","1B55"
"BTK","Q06187","1BTK"
"BTK","Q06187","1BWN"
"BTK","Q06187","1K2P"
"BTK","Q06187","1QLY"
"BTK","Q06187","2GE9"
"BTK","Q06187","2Z0P"
"BTK","Q06187","3GEN"
"BTK","Q06187","3K54"
"BTK","Q06187","3OCS"
"BTK","Q06187","3OCT"
"BTK","Q06187","3P08"
"BTK","Q06187","3PIX"
"BTK","Q06187","3PIY"
"BTK","Q06187","3PIZ"
"BTK","Q06187","3PJ1"
"BTK","Q06187","3PJ2"
"BTK","Q06187","3PJ3"
"CASP3","P42574","1CP3"
"CASP3","P42574","1GFW"
"CASP3","P42574","1I3O"
"CASP3","P42574","1NME"
"CASP3","P42574","1NMQ"
"CASP3","P42574","1NMS"
"CASP3","P42574","1PAU"
"CASP3","P42574","1QX3"
"CASP3","P42574","1RE1"
"CASP3","P42574","1RHJ"
"CASP3","P42574","1RHK"
"CASP3","P42574","1RHM"
"CASP3","P42574","1RHQ"
"CASP3","P42574","1RHR"
"CASP3","P42574","1RHU"
"CASP3","P42574","2C1E"
"CASP3","P42574","2C2K"
"CASP3","P42574","2C2M"
"CASP3","P42574","2C2O"
"CASP3","P42574","2CDR"
"CASP3","P42574","2CJX"
"CASP3","P42574","2CJY"
"CASP3","P42574","2CNK"
"CASP3","P42574","2CNL"
"CASP3","P42574","2CNN"
"CASP3","P42574","2CNO"
"CASP3","P42574","2DKO"
"CASP3","P42574","2H5I"
"CASP3","P42574","2H5J"
"CASP3","P42574","2H65"
"CASP3","P42574","2J30"
"CASP3","P42574","2J31"
"CASP3","P42574","2J32"
"CASP3","P42574","2J33"
"CASP3","P42574","2XYG"
"CASP3","P42574","2XYH"
"CASP3","P42574","2XYP"
"CASP3","P42574","2XZD"
"CASP3","P42574","2XZT"
"CASP3","P42574","2Y0B"
"CASP3","P42574","3DEH"
"CASP3","P42574","3DEI"
"CASP3","P42574","3DEJ"
"CASP3","P42574","3DEK"
"CASP3","P42574","3EDQ"
"CASP3","P42574","3GJQ"
"CASP3","P42574","3GJR"
"CASP3","P42574","3GJS"
"CASP3","P42574","3GJT"
"CASP3","P42574","3H0E"
"CASP3","P42574","3ITN"
"CASP3","P42574","3KJF"
"CASP3","P42574","3PCX"
"CASP3","P42574","3PD0"
"CASP3","P42574","3PD1"
"CCR5","P51681","1ND8"
"CCR5","P51681","1NE0"
"CCR5","P51681","1OPN"
"CCR5","P51681","1OPT"
"CCR5","P51681","1OPW"
"CCR5","P51681","2L87"
"CCR5","P51681","2RLL"
"CCR5","P51681","2RRS"
"CDK1","P06493","1LC9"
"CDK2","P24941","1AQ1"
"CDK2","P24941","1B38"
"CDK2","P24941","1B39"
"CDK2","P24941","1BUH"
"CDK2","P24941","1CKP"
"CDK2","P24941","1DI8"
"CDK2","P24941","1DM2"
"CDK2","P24941","1E1V"
"CDK2","P24941","1E1X"
"CDK2","P24941","1E9H"
"CDK2","P24941","1F5Q"
"CDK2","P24941","1FIN"
"CDK2","P24941","1FQ1"
"CDK2","P24941","1FVT"
"CDK2","P24941","1FVV"
"CDK2","P24941","1G5S"
"CDK2","P24941","1GIH"
"CDK2","P24941","1GII"
"CDK2","P24941","1GIJ"
"CDK2","P24941","1GY3"
"CDK2","P24941","1GZ8"
"CDK2","P24941","1H00"
"CDK2","P24941","1H01"
"CDK2","P24941","1H07"
"CDK2","P24941","1H08"
"CDK2","P24941","1H0V"
"CDK2","P24941","1H0W"
"CDK2","P24941","1H1P"
"CDK2","P24941","1H1Q"
"CDK2","P24941","1H1R"
"CDK2","P24941","1H1S"
"CDK2","P24941","1H24"
"CDK2","P24941","1H25"
"CDK2","P24941","1H26"
"CDK2","P24941","1H27"
"CDK2","P24941","1H28"
"CDK2","P24941","1HCK"
"CDK2","P24941","1HCL"
"CDK2","P24941","1JST"
"CDK2","P24941","1JSU"
"CDK2","P24941","1JSV"
"CDK2","P24941","1JVP"
"CDK2","P24941","1KE5"
"CDK2","P24941","1KE6"
"CDK2","P24941","1KE7"
"CDK2","P24941","1KE8"
"CDK2","P24941","1KE9"
"CDK2","P24941","1OGU"
"CDK2","P24941","1OI9"
"CDK2","P24941","1OIQ"
"CDK2","P24941","1OIR"
"CDK2","P24941","1OIT"
"CDK2","P24941","1OIU"
"CDK2","P24941","1OIY"
"CDK2","P24941","1OKV"
"CDK2","P24941","1OKW"
"CDK2","P24941","1OL1"
"CDK2","P24941","1OL2"
"CDK2","P24941","1P2A"
"CDK2","P24941","1P5E"
"CDK2","P24941","1PF8"
"CDK2","P24941","1PKD"
"CDK2","P24941","1PW2"
"CDK2","P24941","1PXI"
"CDK2","P24941","1PXJ"
"CDK2","P24941","1PXK"
"CDK2","P24941","1PXL"
"CDK2","P24941","1PXM"
"CDK2","P24941","1PXN"
"CDK2","P24941","1PXO"
"CDK2","P24941","1PXP"
"CDK2","P24941","1PYE"
"CDK2","P24941","1QMZ"
"CDK2","P24941","1R78"
"CDK2","P24941","1URC"
"CDK2","P24941","1URW"
"CDK2","P24941","1V1K"
"CDK2","P24941","1VYW"
"CDK2","P24941","1VYZ"
"CDK2","P24941","1W0X"
"CDK2","P24941","1W8C"
"CDK2","P24941","1W98"
"CDK2","P24941","1WCC"
"CDK2","P24941","1Y8Y"
"CDK2","P24941","1Y91"
"CDK2","P24941","1YKR"
"CDK2","P24941","2A0C"
"CDK2","P24941","2A4L"
"CDK2","P24941","2B52"
"CDK2","P24941","2B53"
"CDK2","P24941","2B54"
"CDK2","P24941","2B55"
"CDK2","P24941","2BHE"
"CDK2","P24941","2BHH"
"CDK2","P24941","2BKZ"
"CDK2","P24941","2BPM"
"CDK2","P24941","2BTR"
"CDK2","P24941","2BTS"
"CDK2","P24941","2C4G"
"CDK2","P24941","2C5N"
"CDK2","P24941","2C5O"
"CDK2","P24941","2C5V"
"CDK2","P24941","2C5X"
"CDK2","P24941","2C5Y"
"CDK2","P24941","2C68"
"CDK2","P24941","2C69"
"CDK2","P24941","2C6I"
"CDK2","P24941","2C6K"
"CDK2","P24941","2C6L"
"CDK2","P24941","2C6M"
"CDK2","P24941","2C6O"
"CDK2","P24941","2C6T"
"CDK2","P24941","2CCH"
"CDK2","P24941","2CCI"
"CDK2","P24941","2CJM"
"CDK2","P24941","2CLX"
"CDK2","P24941","2DS1"
"CDK2","P24941","2DUV"
"CDK2","P24941","2EXM"
"CDK2","P24941","2FVD"
"CDK2","P24941","2G9X"
"CDK2","P24941","2HIC"
"CDK2","P24941","2I40"
"CDK2","P24941","2IW6"
"CDK2","P24941","2IW8"
"CDK2","P24941","2IW9"
"CDK2","P24941","2J9M"
"CDK2","P24941","2JGZ"
"CDK2","P24941","2R3F"
"CDK2","P24941","2R3G"
"CDK2","P24941","2R3H"
"CDK2","P24941","2R3I"
"CDK2","P24941","2R3J"
"CDK2","P24941","2R3K"
"CDK2","P24941","2R3L"
"CDK2","P24941","2R3M"
"CDK2","P24941","2R3N"
"CDK2","P24941","2R3O"
"CDK2","P24941","2R3P"
"CDK2","P24941","2R3Q"
"CDK2","P24941","2R3R"
"CDK2","P24941","2R64"
"CDK2","P24941","2UUE"
"CDK2","P24941","2UZB"
"CDK2","P24941","2UZD"
"CDK2","P24941","2UZE"
"CDK2","P24941","2UZL"
"CDK2","P24941","2UZN"
"CDK2","P24941","2UZO"
"CDK2","P24941","2V0D"
"CDK2","P24941","2V22"
"CDK2","P24941","2VTA"
"CDK2","P24941","2VTH"
"CDK2","P24941","2VTI"
"CDK2","P24941","2VTJ"
"CDK2","P24941","2VTL"
"CDK2","P24941","2VTM"
"CDK2","P24941","2VTN"
"CDK2","P24941","2VTO"
"CDK2","P24941","2VTP"
"CDK2","P24941","2VTQ"
"CDK2","P24941","2VTR"
"CDK2","P24941","2VTS"
"CDK2","P24941","2VTT"
"CDK2","P24941","2VU3"
"CDK2","P24941","2VV9"
"CDK2","P24941","2W05"
"CDK2","P24941","2W06"
"CDK2","P24941","2W17"
"CDK2","P24941","2W1H"
"CDK2","P24941","2WEV"
"CDK2","P24941","2WFY"
"CDK2","P24941","2WHB"
"CDK2","P24941","2WIH"
"CDK2","P24941","2WIP"
"CDK2","P24941","2WMA"
"CDK2","P24941","2WMB"
"CDK2","P24941","2WPA"
"CDK2","P24941","2WXV"
"CDK2","P24941","2X1N"
"CDK2","P24941","2XMY"
"CDK2","P24941","2XNB"
"CDK2","P24941","3BHT"
"CDK2","P24941","3BHU"
"CDK2","P24941","3BHV"
"CDK2","P24941","3DDP"
"CDK2","P24941","3DDQ"
"CDK2","P24941","3DOG"
"CDK2","P24941","3EID"
"CDK2","P24941","3EJ1"
"CDK2","P24941","3EOC"
"CDK2","P24941","3EZR"
"CDK2","P24941","3EZV"
"CDK2","P24941","3F5X"
"CDK2","P24941","3FZ1"
"CDK2","P24941","3IG7"
"CDK2","P24941","3IGG"
"CDK2","P24941","3LE6"
"CDK2","P24941","3LFN"
"CDK2","P24941","3LFQ"
"CDK2","P24941","3LFS"
"CDK2","P24941","3MY5"
"CDK2","P24941","3NS9"
"CDK2","P24941","3PJ8"
"CDK2","P24941","3PXF"
"CDK2","P24941","3PXQ"
"CDK2","P24941","3PXR"
"CDK2","P24941","3PXY"
"CDK2","P24941","3PXZ"
"CDK2","P24941","3PY0"
"CDK2","P24941","3PY1"
"CDK2","P24941","3QHR"
"CDK2","P24941","3QHW"
"CDK2","P24941","3S2P"
"CDK2","P24941","3TNW"
"CDK2","P24941","3UNJ"
"CDK2","P24941","3UNK"
"CDK4","P11802","1LD2"
"CDK4","P11802","2W96"
"CDK4","P11802","2W99"
"CDK4","P11802","2W9F"
"CDK4","P11802","2W9Z"
"CDK4","P11802","3G33"
"CDK6","Q00534","1BI7"
"CDK6","Q00534","1BI8"
"CDK6","Q00534","1BLX"
"CDK6","Q00534","1G3N"
"CDK6","Q00534","1JOW"
"CDK6","Q00534","1XO2"
"CDK6","Q00534","2EUF"
"CDK6","Q00534","2F2C"
"CDK6","Q00534","3NUP"
"CDK6","Q00534","3NUX"
"CTNNB1","P35222","1G3J"
"CTNNB1","P35222","1JDH"
"CTNNB1","P35222","1JPW"
"CTNNB1","P35222","1LUJ"
"CTNNB1","P35222","1P22"
"CTNNB1","P35222","1QZ7"
"CTNNB1","P35222","1T08"
"CTNNB1","P35222","1TH1"
"CTNNB1","P35222","2G57"
"CTNNB1","P35222","2GL7"
"CTNNB1","P35222","2Z6H"
"CTNNB1","P35222","3DIW"
"CTNNB1","P35222","3FQN"
"CTNNB1","P35222","3FQR"
"CTNNB1","P35222","3SL9"
"CTNNB1","P35222","3SLA"
"CTNNB1","P35222","3TX7"
"EGFR","P00533","1DNQ"
"EGFR","P00533","1DNR"
"EGFR","P00533","1IVO"
"EGFR","P00533","1M14"
"EGFR","P00533","1M17"
"EGFR","P00533","1MOX"
"EGFR","P00533","1NQL"
"EGFR","P00533","1XKK"
"EGFR","P00533","1YY9"
"EGFR","P00533","1Z9I"
"EGFR","P00533","2EB2"
"EGFR","P00533","2EB3"
"EGFR","P00533","2EXP"
"EGFR","P00533","2EXQ"
"EGFR","P00533","2GS2"
"EGFR","P00533","2GS6"
"EGFR","P00533","2GS7"
"EGFR","P00533","2ITN"
"EGFR","P00533","2ITO"
"EGFR","P00533","2ITP"
"EGFR","P00533","2ITQ"
"EGFR","P00533","2ITT"
"EGFR","P00533","2ITU"
"EGFR","P00533","2ITV"
"EGFR","P00533","2ITW"
"EGFR","P00533","2ITX"
"EGFR","P00533","2ITY"
"EGFR","P00533","2ITZ"
"EGFR","P00533","2J5E"
"EGFR","P00533","2J5F"
"EGFR","P00533","2J6M"
"EGFR","P00533","2JIT"
"EGFR","P00533","2JIU"
"EGFR","P00533","2JIV"
"EGFR","P00533","2KS1"
"EGFR","P00533","2RF9"
"EGFR","P00533","2RFD"
"EGFR","P00533","2RFE"
"EGFR","P00533","2RGP"
"EGFR","P00533","3B2U"
"EGFR","P00533","3B2V"
"EGFR","P00533","3BEL"
"EGFR","P00533","3BUO"
"EGFR","P00533","3C09"
"EGFR","P00533","3G5V"
"EGFR","P00533","3G5Y"
"EGFR","P00533","3GOP"
"EGFR","P00533","3GT8"
"EGFR","P00533","3IKA"
"EGFR","P00533","3LZB"
"EGFR","P00533","3NJP"
"EGFR","P00533","3OB2"
"EGFR","P00533","3OP0"
"EGFR","P00533","3P0Y"
"EGFR","P00533","3PFV"
"EGFR","P00533","3POZ"
"EGFR","P00533","3QWQ"
"EGFR","P00533","3UG1"
"EGFR","P00533","3UG2"
"EGFR","P00533","3VJN"
"EGFR","P00533","3VJO"
"ERBB2","P04626","1MFG"
"ERBB2","P04626","1MFL"
"ERBB2","P04626","1MW4"
"ERBB2","P04626","1N8Z"
"ERBB2","P04626","1OVC"
"ERBB2","P04626","1QR1"
"ERBB2","P04626","1S78"
"ERBB2","P04626","2A91"
"ERBB2","P04626","2JWA"
"ERBB2","P04626","2KS1"
"ERBB2","P04626","2L4K"
"ERBB2","P04626","3BE1"
"ERBB2","P04626","3H3B"
"ERBB2","P04626","3MZW"
"ERBB2","P04626","3N85"
"ERBB2","P04626","3PP0"
"ERBB2","P04626","3RCD"
"FGFR1","P11362","1AGW"
"FGFR1","P11362","1CVS"
"FGFR1","P11362","1EVT"
"FGFR1","P11362","1FGI"
"FGFR1","P11362","1FGK"
"FGFR1","P11362","1FQ9"
"FGFR1","P11362","1XR0"
"FGFR1","P11362","2CR3"
"FGFR1","P11362","2FGI"
"FGFR1","P11362","3C4F"
"FGFR1","P11362","3GQI"
"FGFR1","P11362","3GQL"
"FGFR1","P11362","3JS2"
"FGFR1","P11362","3KRJ"
"FGFR1","P11362","3KRL"
"FGFR1","P11362","3KXX"
"FGFR1","P11362","3KY2"
"FGFR1","P11362","3OJV"
"FGFR1","P11362","3RHX"
"FGFR3","P22607","1RY7"
"FLT1","P17948","1FLT"
"FLT1","P17948","1QSV"
"FLT1","P17948","1QSZ"
"FLT1","P17948","1QTY"
"FLT1","P17948","1RV6"
"FLT1","P17948","2XAC"
"FLT1","P17948","3HNG"
"FLT3","P36888","1RJB"
"FLT3","P36888","3QS7"
"FLT3","P36888","3QS9"
"FNTA","P49354","1JCQ"
"FNTA","P49354","1LD7"
"FNTA","P49354","1LD8"
"FNTA","P49354","1MZC"
"FNTA","P49354","1S63"
"FNTA","P49354","1SA4"
"FNTA","P49354","1TN6"
"FNTA","P49354","2F0Y"
"FNTA","P49354","2H6F"
"FNTA","P49354","2H6G"
"FNTA","P49354","2H6H"
"FNTA","P49354","2H6I"
"FNTA","P49354","2IEJ"
"FNTA","P49354","3E37"
"GSK3A","P49840","2DFM"
"GSK3B","P49841","1GNG"
"GSK3B","P49841","1H8F"
"GSK3B","P49841","1I09"
"GSK3B","P49841","1J1B"
"GSK3B","P49841","1J1C"
"GSK3B","P49841","1O9U"
"GSK3B","P49841","1PYX"
"GSK3B","P49841","1Q3D"
"GSK3B","P49841","1Q3W"
"GSK3B","P49841","1Q41"
"GSK3B","P49841","1Q4L"
"GSK3B","P49841","1Q5K"
"GSK3B","P49841","1R0E"
"GSK3B","P49841","1UV5"
"GSK3B","P49841","2JDO"
"GSK3B","P49841","2JDR"
"GSK3B","P49841","2JLD"
"GSK3B","P49841","2O5K"
"GSK3B","P49841","2OW3"
"GSK3B","P49841","2UW9"
"GSK3B","P49841","2X39"
"GSK3B","P49841","2XH5"
"GSK3B","P49841","3CQU"
"GSK3B","P49841","3CQW"
"GSK3B","P49841","3DU8"
"GSK3B","P49841","3E87"
"GSK3B","P49841","3E88"
"GSK3B","P49841","3E8D"
"GSK3B","P49841","3F7Z"
"GSK3B","P49841","3F88"
"GSK3B","P49841","3GB2"
"GSK3B","P49841","3I4B"
"GSK3B","P49841","3L1S"
"GSK3B","P49841","3M1S"
"GSK3B","P49841","3PUP"
"GSK3B","P49841","3Q3B"
"GSK3B","P49841","3SD0"
"GSK3B","P49841","3ZRK"
"GSK3B","P49841","3ZRL"
"GSK3B","P49841","3ZRM"
"GSK3B","P49841","4AFJ"
"GSK3B","P49841","4DIT"
"HDAC1","Q13547","1TYI"
"HDAC2","Q92769","3MAX"
"HDAC3","O15379","4A69"
"HDAC6","Q9UBN7","3C5K"
"HDAC6","Q9UBN7","3GV4"
"HDAC6","Q9UBN7","3PHD"
"HDAC8","Q9BY41","1T64"
"HDAC8","Q9BY41","1T67"
"HDAC8","Q9BY41","1T69"
"HDAC8","Q9BY41","1VKG"
"HDAC8","Q9BY41","1W22"
"HDAC8","Q9BY41","2V5W"
"HDAC8","Q9BY41","2V5X"
"HDAC8","Q9BY41","3EW8"
"HDAC8","Q9BY41","3EWF"
"HDAC8","Q9BY41","3EZP"
"HDAC8","Q9BY41","3EZT"
"HDAC8","Q9BY41","3F06"
"HDAC8","Q9BY41","3F07"
"HDAC8","Q9BY41","3F0R"
"HDAC8","Q9BY41","3MZ3"
"HDAC8","Q9BY41","3MZ4"
"HDAC8","Q9BY41","3MZ6"
"HDAC8","Q9BY41","3MZ7"
"HDAC8","Q9BY41","3RQD"
"HDAC8","Q9BY41","3SFF"
"HDAC8","Q9BY41","3SFH"
"HSP90AA1","P07900","1BYQ"
"HSP90AA1","P07900","1OSF"
"HSP90AA1","P07900","1UY6"
"HSP90AA1","P07900","1UY7"
"HSP90AA1","P07900","1UY8"
"HSP90AA1","P07900","1UY9"
"HSP90AA1","P07900","1UYC"
"HSP90AA1","P07900","1UYD"
"HSP90AA1","P07900","1UYE"
"HSP90AA1","P07900","1UYF"
"HSP90AA1","P07900","1UYG"
"HSP90AA1","P07900","1UYH"
"HSP90AA1","P07900","1UYI"
"HSP90AA1","P07900","1UYK"
"HSP90AA1","P07900","1UYL"
"HSP90AA1","P07900","1YC1"
"HSP90AA1","P07900","1YC3"
"HSP90AA1","P07900","1YC4"
"HSP90AA1","P07900","1YER"
"HSP90AA1","P07900","1YES"
"HSP90AA1","P07900","1YET"
"HSP90AA1","P07900","2BSM"
"HSP90AA1","P07900","2BT0"
"HSP90AA1","P07900","2BUG"
"HSP90AA1","P07900","2BYH"
"HSP90AA1","P07900","2BYI"
"HSP90AA1","P07900","2BZ5"
"HSP90AA1","P07900","2C2L"
"HSP90AA1","P07900","2CCS"
"HSP90AA1","P07900","2CCT"
"HSP90AA1","P07900","2CCU"
"HSP90AA1","P07900","2CDD"
"HSP90AA1","P07900","2FWY"
"HSP90AA1","P07900","2FWZ"
"HSP90AA1","P07900","2H55"
"HSP90AA1","P07900","2JJC"
"HSP90AA1","P07900","2K5B"
"HSP90AA1","P07900","2QF6"
"HSP90AA1","P07900","2QFO"
"HSP90AA1","P07900","2QG0"
"HSP90AA1","P07900","2QG2"
"HSP90AA1","P07900","2UWD"
"HSP90AA1","P07900","2VCI"
"HSP90AA1","P07900","2VCJ"
"HSP90AA1","P07900","2WI1"
"HSP90AA1","P07900","2WI2"
"HSP90AA1","P07900","2WI3"
"HSP90AA1","P07900","2WI4"
"HSP90AA1","P07900","2WI5"
"HSP90AA1","P07900","2WI6"
"HSP90AA1","P07900","2WI7"
"HSP90AA1","P07900","2XAB"
"HSP90AA1","P07900","2XDK"
"HSP90AA1","P07900","2XDL"
"HSP90AA1","P07900","2XDS"
"HSP90AA1","P07900","2XDU"
"HSP90AA1","P07900","2XDX"
"HSP90AA1","P07900","2XHR"
"HSP90AA1","P07900","2XHT"
"HSP90AA1","P07900","2XHX"
"HSP90AA1","P07900","2XJG"
"HSP90AA1","P07900","2XJJ"
"HSP90AA1","P07900","2XJX"
"HSP90AA1","P07900","2XK2"
"HSP90AA1","P07900","2YE2"
"HSP90AA1","P07900","2YE3"
"HSP90AA1","P07900","2YE4"
"HSP90AA1","P07900","2YE5"
"HSP90AA1","P07900","2YE6"
"HSP90AA1","P07900","2YE7"
"HSP90AA1","P07900","2YE8"
"HSP90AA1","P07900","2YE9"
"HSP90AA1","P07900","2YEA"
"HSP90AA1","P07900","2YEB"
"HSP90AA1","P07900","2YEC"
"HSP90AA1","P07900","2YED"
"HSP90AA1","P07900","2YEE"
"HSP90AA1","P07900","2YEF"
"HSP90AA1","P07900","2YEG"
"HSP90AA1","P07900","2YEH"
"HSP90AA1","P07900","2YEI"
"HSP90AA1","P07900","2YEJ"
"HSP90AA1","P07900","2YJW"
"HSP90AA1","P07900","2YJX"
"HSP90AA1","P07900","2YK2"
"HSP90AA1","P07900","2YK9"
"HSP90AA1","P07900","2YKB"
"HSP90AA1","P07900","2YKC"
"HSP90AA1","P07900","2YKE"
"HSP90AA1","P07900","2YKI"
"HSP90AA1","P07900","2YKJ"
"HSP90AA1","P07900","3B24"
"HSP90AA1","P07900","3B25"
"HSP90AA1","P07900","3B26"
"HSP90AA1","P07900","3B27"
"HSP90AA1","P07900","3B28"
"HSP90AA1","P07900","3BM9"
"HSP90AA1","P07900","3BMY"
"HSP90AA1","P07900","3D0B"
"HSP90AA1","P07900","3EKO"
"HSP90AA1","P07900","3EKR"
"HSP90AA1","P07900","3FT5"
"HSP90AA1","P07900","3FT8"
"HSP90AA1","P07900","3HEK"
"HSP90AA1","P07900","3HHU"
"HSP90AA1","P07900","3HYY"
"HSP90AA1","P07900","3HYZ"
"HSP90AA1","P07900","3HZ1"
"HSP90AA1","P07900","3HZ5"
"HSP90AA1","P07900","3INW"
"HSP90AA1","P07900","3INX"
"HSP90AA1","P07900","3K97"
"HSP90AA1","P07900","3K98"
"HSP90AA1","P07900","3K99"
"HSP90AA1","P07900","3MNR"
"HSP90AA1","P07900","3O0I"
"HSP90AA1","P07900","3OW6"
"HSP90AA1","P07900","3OWB"
"HSP90AA1","P07900","3OWD"
"HSP90AA1","P07900","3Q6M"
"HSP90AA1","P07900","3Q6N"
"HSP90AA1","P07900","3QTF"
"HSP90AA1","P07900","3R4M"
"HSP90AA1","P07900","3R4N"
"HSP90AA1","P07900","3R4O"
"HSP90AA1","P07900","3R4P"
"HSP90AA1","P07900","3R91"
"HSP90AA1","P07900","3R92"
"HSP90AA1","P07900","3RKZ"
"HSP90AA1","P07900","3RLP"
"HSP90AA1","P07900","3RLQ"
"HSP90AA1","P07900","3RLR"
"HSP90AA1","P07900","3T0H"
"HSP90AA1","P07900","3T0Z"
"HSP90AA1","P07900","3T10"
"HSP90AA1","P07900","3T1K"
"HSP90AA1","P07900","3T2S"
"HSP90AB1","P08238","1QZ2"
"HSP90AB1","P08238","1UYM"
"HSP90AB1","P08238","3NMQ"
"HSP90AB1","P08238","3PRY"
"IGF1R","P08069","1IGR"
"IGF1R","P08069","1JQH"
"IGF1R","P08069","1K3A"
"IGF1R","P08069","1M7N"
"IGF1R","P08069","1P4O"
"IGF1R","P08069","2OJ9"
"IGF1R","P08069","2ZM3"
"IGF1R","P08069","3D94"
"IGF1R","P08069","3F5P"
"IGF1R","P08069","3I81"
"IGF1R","P08069","3LVP"
"IGF1R","P08069","3LW0"
"IGF1R","P08069","3NW5"
"IGF1R","P08069","3NW6"
"IGF1R","P08069","3NW7"
"IGF1R","P08069","3O23"
"IGF1R","P08069","3QQU"
"JAK2","O60674","2B7A"
"JAK2","O60674","2W1I"
"JAK2","O60674","2XA4"
"JAK2","O60674","3E62"
"JAK2","O60674","3E63"
"JAK2","O60674","3E64"
"JAK2","O60674","3FUP"
"JAK2","O60674","3IO7"
"JAK2","O60674","3IOK"
"JAK2","O60674","3JY9"
"JAK2","O60674","3KCK"
"JAK2","O60674","3KRR"
"JAK2","O60674","3LPB"
"JAK2","O60674","3Q32"
"JAK2","O60674","3RVG"
"JAK2","O60674","3TJC"
"JAK2","O60674","3TJD"
"JAK2","O60674","4AQC"
"KDR","P35968","1VR2"
"KDR","P35968","1Y6A"
"KDR","P35968","1Y6B"
"KDR","P35968","1YWN"
"KDR","P35968","2OH4"
"KDR","P35968","2P2H"
"KDR","P35968","2P2I"
"KDR","P35968","2QU5"
"KDR","P35968","2QU6"
"KDR","P35968","2RL5"
"KDR","P35968","2X1W"
"KDR","P35968","2X1X"
"KDR","P35968","2XIR"
"KDR","P35968","3B8Q"
"KDR","P35968","3B8R"
"KDR","P35968","3BE2"
"KDR","P35968","3C7Q"
"KDR","P35968","3CJF"
"KDR","P35968","3CJG"
"KDR","P35968","3CP9"
"KDR","P35968","3CPB"
"KDR","P35968","3CPC"
"KDR","P35968","3DTW"
"KDR","P35968","3EFL"
"KDR","P35968","3EWH"
"KDR","P35968","3KVQ"
"KDR","P35968","3S35"
"KDR","P35968","3S36"
"KDR","P35968","3S37"
"KDR","P35968","3U6J"
"KDR","P35968","3VHE"
"KDR","P35968","3VNT"
"KIT","P10721","1PKG"
"KIT","P10721","1QZJ"
"KIT","P10721","1QZK"
"KIT","P10721","1R01"
"KIT","P10721","1T45"
"KIT","P10721","1T46"
"KIT","P10721","2E9W"
"KIT","P10721","2EC8"
"KIT","P10721","2VIF"
"KIT","P10721","3G0E"
"KIT","P10721","3G0F"
"MAP2K1","Q02750","1S9J"
"MAP2K1","Q02750","2P55"
"MAP2K1","Q02750","3DV3"
"MAP2K1","Q02750","3DY7"
"MAP2K1","Q02750","3E8N"
"MAP2K1","Q02750","3EQB"
"MAP2K1","Q02750","3EQC"
"MAP2K1","Q02750","3EQD"
"MAP2K1","Q02750","3EQF"
"MAP2K1","Q02750","3EQG"
"MAP2K1","Q02750","3EQH"
"MAP2K1","Q02750","3EQI"
"MAP2K1","Q02750","3MBL"
"MAP2K1","Q02750","3ORN"
"MAP2K1","Q02750","3OS3"
"MAP2K1","Q02750","3PP1"
"MAP2K1","Q02750","3SLS"
"MAP2K2","P36507","1S9I"
"MAPK11","Q15759","3GC8"
"MAPK11","Q15759","3GC9"
"MAPK11","Q15759","3GP0"
"MAPK12","P53778","1CM8"
"MAPK13","O15264","3COI"
"MAPK14","Q16539","1A9U"
"MAPK14","Q16539","1BL6"
"MAPK14","Q16539","1BL7"
"MAPK14","Q16539","1BMK"
"MAPK14","Q16539","1DI9"
"MAPK14","Q16539","1IAN"
"MAPK14","Q16539","1KV1"
"MAPK14","Q16539","1KV2"
"MAPK14","Q16539","1M7Q"
"MAPK14","Q16539","1OUK"
"MAPK14","Q16539","1OUY"
"MAPK14","Q16539","1OVE"
"MAPK14","Q16539","1OZ1"
"MAPK14","Q16539","1R39"
"MAPK14","Q16539","1R3C"
"MAPK14","Q16539","1W7H"
"MAPK14","Q16539","1W82"
"MAPK14","Q16539","1W83"
"MAPK14","Q16539","1W84"
"MAPK14","Q16539","1WBN"
"MAPK14","Q16539","1WBO"
"MAPK14","Q16539","1WBS"
"MAPK14","Q16539","1WBT"
"MAPK14","Q16539","1WBV"
"MAPK14","Q16539","1WBW"
"MAPK14","Q16539","1WFC"
"MAPK14","Q16539","1YQJ"
"MAPK14","Q16539","1ZYJ"
"MAPK14","Q16539","1ZZ2"
"MAPK14","Q16539","1ZZL"
"MAPK14","Q16539","2BAJ"
"MAPK14","Q16539","2BAK"
"MAPK14","Q16539","2BAL"
"MAPK14","Q16539","2BAQ"
"MAPK14","Q16539","2FSL"
"MAPK14","Q16539","2FSM"
"MAPK14","Q16539","2FSO"
"MAPK14","Q16539","2FST"
"MAPK14","Q16539","2GFS"
"MAPK14","Q16539","2I0H"
"MAPK14","Q16539","2NPQ"
"MAPK14","Q16539","2OKR"
"MAPK14","Q16539","2ONL"
"MAPK14","Q16539","2QD9"
"MAPK14","Q16539","2RG5"
"MAPK14","Q16539","2RG6"
"MAPK14","Q16539","2Y8O"
"MAPK14","Q16539","2YIS"
"MAPK14","Q16539","2YIW"
"MAPK14","Q16539","2YIX"
"MAPK14","Q16539","2ZAZ"
"MAPK14","Q16539","2ZB0"
"MAPK14","Q16539","2ZB1"
"MAPK14","Q16539","3BV2"
"MAPK14","Q16539","3BV3"
"MAPK14","Q16539","3BX5"
"MAPK14","Q16539","3C5U"
"MAPK14","Q16539","3CTQ"
"MAPK14","Q16539","3D7Z"
"MAPK14","Q16539","3D83"
"MAPK14","Q16539","3DS6"
"MAPK14","Q16539","3DT1"
"MAPK14","Q16539","3E92"
"MAPK14","Q16539","3E93"
"MAPK14","Q16539","3FC1"
"MAPK14","Q16539","3FI4"
"MAPK14","Q16539","3FKL"
"MAPK14","Q16539","3FKN"
"MAPK14","Q16539","3FKO"
"MAPK14","Q16539","3FL4"
"MAPK14","Q16539","3FLN"
"MAPK14","Q16539","3FLQ"
"MAPK14","Q16539","3FLS"
"MAPK14","Q16539","3FLW"
"MAPK14","Q16539","3FLY"
"MAPK14","Q16539","3FLZ"
"MAPK14","Q16539","3FMH"
"MAPK14","Q16539","3FMJ"
"MAPK14","Q16539","3FMK"
"MAPK14","Q16539","3FML"
"MAPK14","Q16539","3FMM"
"MAPK14","Q16539","3FMN"
"MAPK14","Q16539","3FSF"
"MAPK14","Q16539","3FSK"
"MAPK14","Q16539","3GC7"
"MAPK14","Q16539","3GCP"
"MAPK14","Q16539","3GCQ"
"MAPK14","Q16539","3GCS"
"MAPK14","Q16539","3GCU"
"MAPK14","Q16539","3GCV"
"MAPK14","Q16539","3GFE"
"MAPK14","Q16539","3GI3"
"MAPK14","Q16539","3HA8"
"MAPK14","Q16539","3HEC"
"MAPK14","Q16539","3HEG"
"MAPK14","Q16539","3HL7"
"MAPK14","Q16539","3HLL"
"MAPK14","Q16539","3HP2"
"MAPK14","Q16539","3HP5"
"MAPK14","Q16539","3HRB"
"MAPK14","Q16539","3HUB"
"MAPK14","Q16539","3HUC"
"MAPK14","Q16539","3HV3"
"MAPK14","Q16539","3HV4"
"MAPK14","Q16539","3HV5"
"MAPK14","Q16539","3HV6"
"MAPK14","Q16539","3HV7"
"MAPK14","Q16539","3HVC"
"MAPK14","Q16539","3IPH"
"MAPK14","Q16539","3ITZ"
"MAPK14","Q16539","3IW5"
"MAPK14","Q16539","3IW6"
"MAPK14","Q16539","3IW7"
"MAPK14","Q16539","3IW8"
"MAPK14","Q16539","3K3I"
"MAPK14","Q16539","3K3J"
"MAPK14","Q16539","3KF7"
"MAPK14","Q16539","3KQ7"
"MAPK14","Q16539","3L8S"
"MAPK14","Q16539","3L8X"
"MAPK14","Q16539","3LFA"
"MAPK14","Q16539","3LFB"
"MAPK14","Q16539","3LFC"
"MAPK14","Q16539","3LFD"
"MAPK14","Q16539","3LFE"
"MAPK14","Q16539","3LFF"
"MAPK14","Q16539","3LHJ"
"MAPK14","Q16539","3MGY"
"MAPK14","Q16539","3MH0"
"MAPK14","Q16539","3MH1"
"MAPK14","Q16539","3MH2"
"MAPK14","Q16539","3MH3"
"MAPK14","Q16539","3MPA"
"MAPK14","Q16539","3MPT"
"MAPK14","Q16539","3MVL"
"MAPK14","Q16539","3MVM"
"MAPK14","Q16539","3MW1"
"MAPK14","Q16539","3NEW"
"MAPK14","Q16539","3NNU"
"MAPK14","Q16539","3NNV"
"MAPK14","Q16539","3NNW"
"MAPK14","Q16539","3NNX"
"MAPK14","Q16539","3NWW"
"MAPK14","Q16539","3O8P"
"MAPK14","Q16539","3O8T"
"MAPK14","Q16539","3O8U"
"MAPK14","Q16539","3OBG"
"MAPK14","Q16539","3OBJ"
"MAPK14","Q16539","3OC1"
"MAPK14","Q16539","3OCG"
"MAPK14","Q16539","3OD6"
"MAPK14","Q16539","3ODY"
"MAPK14","Q16539","3ODZ"
"MAPK14","Q16539","3OEF"
"MAPK14","Q16539","3PG3"
"MAPK14","Q16539","3QUD"
"MAPK14","Q16539","3QUE"
"MAPK14","Q16539","3RIN"
"MAPK14","Q16539","3ROC"
"MAPK14","Q16539","3S3I"
"MAPK14","Q16539","3S4Q"
"MAPK14","Q16539","3ZYA"
"MAPK8","P45983","1UKH"
"MAPK8","P45983","1UKI"
"MAPK8","P45983","2G01"
"MAPK8","P45983","2GMX"
"MAPK8","P45983","2H96"
"MAPK8","P45983","2NO3"
"MAPK8","P45983","2XRW"
"MAPK8","P45983","2XS0"
"MAPK8","P45983","3ELJ"
"MAPK8","P45983","3O17"
"MAPK8","P45983","3O2M"
"MAPK8","P45983","3PZE"
"MDM2","Q00987","1RV1"
"MDM2","Q00987","1T4E"
"MDM2","Q00987","1T4F"
"MDM2","Q00987","1YCR"
"MDM2","Q00987","1Z1M"
"MDM2","Q00987","2AXI"
"MDM2","Q00987","2C6A"
"MDM2","Q00987","2C6B"
"MDM2","Q00987","2F1Y"
"MDM2","Q00987","2FOP"
"MDM2","Q00987","2GV2"
"MDM2","Q00987","2HDP"
"MDM2","Q00987","2VJE"
"MDM2","Q00987","2VJF"
"MDM2","Q00987","3EQS"
"MDM2","Q00987","3G03"
"MDM2","Q00987","3IUX"
"MDM2","Q00987","3IWY"
"MDM2","Q00987","3JZK"
"MDM2","Q00987","3JZR"
"MDM2","Q00987","3JZS"
"MDM2","Q00987","3LBK"
"MDM2","Q00987","3LBL"
"MDM2","Q00987","3LNJ"
"MDM2","Q00987","3LNZ"
"MDM2","Q00987","3TU1"
"MDM2","Q00987","3V3B"
"MDM2","Q00987","4DIJ"
"MET","P08581","1FYR"
"MET","P08581","1R0P"
"MET","P08581","1R1W"
"MET","P08581","1SHY"
"MET","P08581","1SSL"
"MET","P08581","1UX3"
"MET","P08581","2G15"
"MET","P08581","2RFN"
"MET","P08581","2RFS"
"MET","P08581","2UZX"
"MET","P08581","2UZY"
"MET","P08581","2WD1"
"MET","P08581","2WGJ"
"MET","P08581","2WKM"
"MET","P08581","3A4P"
"MET","P08581","3BUX"
"MET","P08581","3C1X"
"MET","P08581","3CCN"
"MET","P08581","3CD8"
"MET","P08581","3CE3"
"MET","P08581","3CTH"
"MET","P08581","3CTJ"
"MET","P08581","3DKC"
"MET","P08581","3DKF"
"MET","P08581","3DKG"
"MET","P08581","3EFJ"
"MET","P08581","3EFK"
"MET","P08581","3F66"
"MET","P08581","3F82"
"MET","P08581","3I5N"
"MET","P08581","3L8V"
"MET","P08581","3LQ8"
"MET","P08581","3Q6U"
"MET","P08581","3Q6W"
"MET","P08581","3QTI"
"MET","P08581","3R7O"
"MET","P08581","3RHK"
"MET","P08581","3U6H"
"MET","P08581","3U6I"
"MET","P08581","3ZXZ"
"MET","P08581","3ZZE"
"MTOR","P42345","1AUE"
"MTOR","P42345","1FAP"
"MTOR","P42345","1NSG"
"MTOR","P42345","2FAP"
"MTOR","P42345","2GAQ"
"MTOR","P42345","2NPU"
"MTOR","P42345","3FAP"
"MTOR","P42345","4FAP"
"NFKB1","P19838","1MDI"
"NFKB1","P19838","1MDJ"
"NFKB1","P19838","1MDK"
"NFKB1","P19838","1NFI"
"NFKB1","P19838","1SVC"
"NFKB1","P19838","2DBF"
"NFKB1","P19838","2O61"
"NFKB1","P19838","3GUT"
"NTRK1","P04629","1HE7"
"NTRK1","P04629","1SHC"
"NTRK1","P04629","1WWA"
"NTRK1","P04629","1WWW"
"NTRK1","P04629","2IFG"
"P4HB","P07237","1BJX"
"P4HB","P07237","1MEK"
"P4HB","P07237","1X5C"
"P4HB","P07237","2BJX"
"P4HB","P07237","2K18"
"P4HB","P07237","3BJ5"
"P4HB","P07237","3UEM"
"PAK1","Q13153","1F3M"
"PAK1","Q13153","1YHV"
"PAK1","Q13153","1YHW"
"PAK1","Q13153","1ZSG"
"PAK1","Q13153","2HY8"
"PAK1","Q13153","2QME"
"PAK1","Q13153","3DVP"
"PAK1","Q13153","3FXZ"
"PAK1","Q13153","3FY0"
"PAK1","Q13153","3Q4Z"
"PAK1","Q13153","3Q52"
"PAK1","Q13153","3Q53"
"PAK1","Q13153","4DAW"
"PARP1","P09874","1UK0"
"PARP1","P09874","1UK1"
"PARP1","P09874","1WOK"
"PARP1","P09874","2COK"
"PARP1","P09874","2CR9"
"PARP1","P09874","2CS2"
"PARP1","P09874","2DMJ"
"PARP1","P09874","2JVN"
"PARP1","P09874","2L30"
"PARP1","P09874","2L31"
"PARP1","P09874","2RCW"
"PARP1","P09874","2RD6"
"PARP1","P09874","2RIQ"
"PARP1","P09874","3GJW"
"PARP1","P09874","3GN7"
"PARP1","P09874","3L3L"
"PARP1","P09874","3L3M"
"PARP1","P09874","3OD8"
"PARP1","P09874","3ODA"
"PARP1","P09874","3ODC"
"PARP1","P09874","3ODE"
"PDGFRA","P16234","1GQ5"
"PDGFRB","P09619","1GQ5"
"PDGFRB","P09619","1H9O"
"PDGFRB","P09619","1LWP"
"PDGFRB","P09619","3MJG"
"PDK1","Q15118","2Q8F"
"PDK1","Q15118","2Q8G"
"PDK1","Q15118","2Q8H"
"PIK3CA","P42336","2ENQ"
"PIK3CA","P42336","2RD0"
"PIK3CA","P42336","3HHM"
"PIK3CA","P42336","3HIZ"
"PIK3CG","P48736","1E8Y"
"PIK3CG","P48736","1E8Z"
"PIK3CG","P48736","1HE8"
"PIK3CG","P48736","2A4Z"
"PIK3CG","P48736","2A5U"
"PIK3CG","P48736","2CHW"
"PIK3CG","P48736","2CHX"
"PIK3CG","P48736","2CHZ"
"PIK3CG","P48736","2V4L"
"PIK3CG","P48736","3APC"
"PIK3CG","P48736","3APD"
"PIK3CG","P48736","3APF"
"PIK3CG","P48736","3CSF"
"PIK3CG","P48736","3CST"
"PIK3CG","P48736","3DBS"
"PIK3CG","P48736","3DPD"
"PIK3CG","P48736","3ENE"
"PIK3CG","P48736","3IBE"
"PIK3CG","P48736","3L08"
"PIK3CG","P48736","3L13"
"PIK3CG","P48736","3L16"
"PIK3CG","P48736","3L17"
"PIK3CG","P48736","3L54"
"PIK3CG","P48736","3LJ3"
"PIK3CG","P48736","3MJW"
"PIK3CG","P48736","3ML8"
"PIK3CG","P48736","3ML9"
"PIK3CG","P48736","3NZS"
"PIK3CG","P48736","3NZU"
"PIK3CG","P48736","3OAW"
"PIK3CG","P48736","3P2B"
"PIK3CG","P48736","3PRE"
"PIK3CG","P48736","3PRZ"
"PIK3CG","P48736","3PS6"
"PIK3CG","P48736","3QAQ"
"PIK3CG","P48736","3QAR"
"PIK3CG","P48736","3QJZ"
"PIK3CG","P48736","3QK0"
"PIK3CG","P48736","3R7Q"
"PIK3CG","P48736","3R7R"
"PIK3CG","P48736","3S2A"
"PIK3CG","P48736","3SD5"
"PIK3CG","P48736","3T8M"
"PIK3CG","P48736","3TL5"
"PIK3CG","P48736","3ZVV"
"PIK3CG","P48736","3ZW3"
"PLK1","P53350","1Q4K"
"PLK1","P53350","1Q4O"
"PLK1","P53350","1UMW"
"PLK1","P53350","2OGQ"
"PLK1","P53350","2OJX"
"PLK1","P53350","2OU7"
"PLK1","P53350","2OWB"
"PLK1","P53350","2RKU"
"PLK1","P53350","2V5Q"
"PLK1","P53350","2YAC"
"PLK1","P53350","3BZI"
"PLK1","P53350","3C5L"
"PLK1","P53350","3FC2"
"PLK1","P53350","3FVH"
"PLK1","P53350","3HIH"
"PLK1","P53350","3HIK"
"PLK1","P53350","3KB7"
"PLK1","P53350","3MHN"
"PLK1","P53350","3MHQ"
"PLK1","P53350","3MQ8"
"PLK1","P53350","3P2W"
"PLK1","P53350","3P2Z"
"PLK1","P53350","3P34"
"PLK1","P53350","3P35"
"PLK1","P53350","3P36"
"PLK1","P53350","3P37"
"PLK1","P53350","3Q1I"
"PLK1","P53350","3RQ7"
"PLK1","P53350","3THB"
"PLK1","P53350","4A4L"
"PLK1","P53350","4A4O"
"PLK1","P53350","4DFW"
"PRKCA","P17252","2ELI"
"PRKCA","P17252","3IW4"
"PRKCA","P17252","4DNL"
"PRKCB","P05771","2I0E"
"PRKCD","Q05655","1YRK"
"PRKCD","Q05655","2YUU"
"PRKCE","Q02156","2WH0"
"PRKCG","P05129","2E73"
"PRKCG","P05129","2UZP"
"PRKCH","P24723","2FK9"
"PRKCH","P24723","3TXO"
"PRKCI","P41743","1VD2"
"PRKCI","P41743","1WMH"
"PRKCI","P41743","1ZRZ"
"PRKCI","P41743","3A8W"
"PRKCI","P41743","3A8X"
"PRKCQ","Q04759","1XJD"
"PRKCQ","Q04759","2ENJ"
"PRKCQ","Q04759","2ENN"
"PRKCQ","Q04759","2ENZ"
"PRKCQ","Q04759","2JED"
"PTK2","Q05397","1K04"
"PTK2","Q05397","1K05"
"PTK2","Q05397","1MP8"
"PTK2","Q05397","1OW6"
"PTK2","Q05397","1OW7"
"PTK2","Q05397","1OW8"
"PTK2","Q05397","2ETM"
"PTK2","Q05397","2IJM"
"PTK2","Q05397","2RA7"
"PTK2","Q05397","3B71"
"PTK2","Q05397","3BZ3"
"PTK2","Q05397","3PXK"
"PTPN11","Q06124","2SHP"
"PTPN11","Q06124","3B7O"
"PTPN11","Q06124","3MOW"
"PTPN11","Q06124","3O5X"
"PTPN11","Q06124","3TKZ"
"PTPN11","Q06124","3TL0"
"PTPN6","P29350","1FPR"
"PTPN6","P29350","1GWZ"
"PTPN6","P29350","1X6C"
"PTPN6","P29350","2B3O"
"PTPN6","P29350","2RMX"
"PTPN6","P29350","2YU7"
"PTPN6","P29350","3PS5"
"RET","P07949","1XPD"
"RET","P07949","2IVS"
"RET","P07949","2IVT"
"RET","P07949","2IVU"
"RET","P07949","2IVV"
"RET","P07949","2X2K"
"RET","P07949","2X2L"
"RET","P07949","2X2M"
"RET","P07949","2X2U"
"ROCK1","Q13464","1S1C"
"ROCK1","Q13464","2ESM"
"ROCK1","Q13464","2ETK"
"ROCK1","Q13464","2ETR"
"ROCK1","Q13464","2V55"
"ROCK1","Q13464","3D9V"
"ROCK1","Q13464","3NCZ"
"ROCK1","Q13464","3NDM"
"ROCK1","Q13464","3O0Z"
"ROCK1","Q13464","3TV7"
"ROCK1","Q13464","3V8S"
"RPS6KA1","Q15418","2WNT"
"RPS6KA1","Q15418","2Z7Q"
"RPS6KA1","Q15418","2Z7R"
"RPS6KA1","Q15418","2Z7S"
"RPS6KA1","Q15418","3RNY"
"RPS6KA3","P51812","4D9T"
"RPS6KA3","P51812","4D9U"
"RPS6KA5","O75582","1VZO"
"RPS6KA5","O75582","3KN5"
"RPS6KA5","O75582","3KN6"
"RXRA","P19793","1BY4"
"RXRA","P19793","1DSZ"
"RXRA","P19793","1FBY"
"RXRA","P19793","1FM6"
"RXRA","P19793","1FM9"
"RXRA","P19793","1G1U"
"RXRA","P19793","1G5Y"
"RXRA","P19793","1K74"
"RXRA","P19793","1LBD"
"RXRA","P19793","1MV9"
"RXRA","P19793","1MVC"
"RXRA","P19793","1MZN"
"RXRA","P19793","1R0N"
"RXRA","P19793","1RDT"
"RXRA","P19793","1RXR"
"RXRA","P19793","1XLS"
"RXRA","P19793","1XV9"
"RXRA","P19793","1XVP"
"RXRA","P19793","1YNW"
"RXRA","P19793","2ACL"
"RXRA","P19793","2NLL"
"RXRA","P19793","2P1T"
"RXRA","P19793","2P1U"
"RXRA","P19793","2P1V"
"RXRA","P19793","2ZXZ"
"RXRA","P19793","2ZY0"
"RXRA","P19793","3DZU"
"RXRA","P19793","3DZY"
"RXRA","P19793","3E00"
"RXRA","P19793","3E94"
"RXRA","P19793","3FAL"
"RXRA","P19793","3FC6"
"RXRA","P19793","3FUG"
"RXRA","P19793","3H0A"
"RXRA","P19793","3KWY"
"RXRA","P19793","3NSP"
"RXRA","P19793","3NSQ"
"RXRA","P19793","3OAP"
"RXRA","P19793","3OZJ"
"RXRA","P19793","3PCU"
"RXRA","P19793","3R29"
"RXRA","P19793","3R2A"
"RXRA","P19793","3R5M"
"RXRA","P19793","3UVV"
"RXRB","P28702","1H9U"
"RXRB","P28702","1UHL"
"SRC","P12931","1A07"
"SRC","P12931","1A08"
"SRC","P12931","1A09"
"SRC","P12931","1A1A"
"SRC","P12931","1A1B"
"SRC","P12931","1A1C"
"SRC","P12931","1A1E"
"SRC","P12931","1FMK"
"SRC","P12931","1HCS"
"SRC","P12931","1HCT"
"SRC","P12931","1KSW"
"SRC","P12931","1O41"
"SRC","P12931","1O42"
"SRC","P12931","1O43"
"SRC","P12931","1O44"
"SRC","P12931","1O45"
"SRC","P12931","1O46"
"SRC","P12931","1O47"
"SRC","P12931","1O48"
"SRC","P12931","1O49"
"SRC","P12931","1O4A"
"SRC","P12931","1O4B"
"SRC","P12931","1O4C"
"SRC","P12931","1O4D"
"SRC","P12931","1O4E"
"SRC","P12931","1O4F"
"SRC","P12931","1O4G"
"SRC","P12931","1O4H"
"SRC","P12931","1O4I"
"SRC","P12931","1O4J"
"SRC","P12931","1O4K"
"SRC","P12931","1O4L"
"SRC","P12931","1O4M"
"SRC","P12931","1O4N"
"SRC","P12931","1O4O"
"SRC","P12931","1O4P"
"SRC","P12931","1O4Q"
"SRC","P12931","1O4R"
"SRC","P12931","1SHD"
"SRC","P12931","1Y57"
"SRC","P12931","1YI6"
"SRC","P12931","1YOJ"
"SRC","P12931","1YOL"
"SRC","P12931","1YOM"
"SRC","P12931","2BDF"
"SRC","P12931","2BDJ"
"SRC","P12931","2H8H"
"SRC","P12931","2SRC"
"SYK","P43405","1A81"
"SYK","P43405","1CSY"
"SYK","P43405","1CSZ"
"SYK","P43405","1XBA"
"SYK","P43405","1XBB"
"SYK","P43405","1XBC"
"SYK","P43405","3BUW"
"SYK","P43405","3EMG"
"SYK","P43405","3FQE"
"SYK","P43405","3FQH"
"SYK","P43405","3FQS"
"SYK","P43405","3SRV"
"SYK","P43405","3VF8"
"SYK","P43405","3VF9"
"SYK","P43405","4DFL"
"SYK","P43405","4DFN"
"TNF","P01375","1A8M"
"TNF","P01375","1TNF"
"TNF","P01375","2AZ5"
"TNF","P01375","2E7A"
"TNF","P01375","2TUN"
"TNF","P01375","2ZJC"
"TNF","P01375","2ZPX"
"TNF","P01375","3ALQ"
"TNF","P01375","3IT8"
"TNF","P01375","3L9J"
"TNF","P01375","4TSV"
"TNF","P01375","5TSW"
"TOP1","P11387","1A31"
"TOP1","P11387","1A35"
"TOP1","P11387","1A36"
"TOP1","P11387","1EJ9"
"TOP1","P11387","1K4S"
"TOP1","P11387","1K4T"
"TOP1","P11387","1LPQ"
"TOP1","P11387","1NH3"
"TOP1","P11387","1R49"
"TOP1","P11387","1RR8"
"TOP1","P11387","1RRJ"
"TOP1","P11387","1SC7"
"TOP1","P11387","1SEU"
"TOP1","P11387","1T8I"
"TOP1","P11387","1TL8"
"WEE1","P30291","1X8B"
"WEE1","P30291","2IN6"
"WEE1","P30291","2IO6"
"WEE1","P30291","2Z2W"
"WEE1","P30291","3BI6"
"WEE1","P30291","3BIZ"
"WEE1","P30291","3CQE"
"WEE1","P30291","3CR0"
"XIAP","P98170","1C9Q"
"XIAP","P98170","1F9X"
"XIAP","P98170","1G3F"
"XIAP","P98170","1G73"
"XIAP","P98170","1I3O"
"XIAP","P98170","1I4O"
"XIAP","P98170","1I51"
"XIAP","P98170","1KMC"
"XIAP","P98170","1NW9"
"XIAP","P98170","1TFQ"
"XIAP","P98170","1TFT"
"XIAP","P98170","2ECG"
"XIAP","P98170","2JK7"
"XIAP","P98170","2KNA"
"XIAP","P98170","2OPY"
"XIAP","P98170","2OPZ"
"XIAP","P98170","2POI"
"XIAP","P98170","2POP"
"XIAP","P98170","2QRA"
"XIAP","P98170","2VSL"
"XIAP","P98170","3CLX"
"XIAP","P98170","3CM2"
"XIAP","P98170","3CM7"
"XIAP","P98170","3EYL"
"XIAP","P98170","3G76"
"XIAP","P98170","3HL5"
"XIAP","P98170","3UW4"
"XIAP","P98170","3UW5"
"RAC1","P63000","1E96"
"RAC1","P63000","1FOE"
"RAC1","P63000","1G4U"
"RAC1","P63000","1HE1"
"RAC1","P63000","1HH4"
"RAC1","P63000","1I4D"
"RAC1","P63000","1I4L"
"RAC1","P63000","1I4T"
"RAC1","P63000","1MH1"
"RAC1","P63000","1RYF"
"RAC1","P63000","1RYH"
"RAC1","P63000","2FJU"
"RAC1","P63000","2H7V"
"RAC1","P63000","2NZ8"
"RAC1","P63000","2P2L"
"RAC1","P63000","2RMK"
"RAC1","P63000","2VRW"
"RAC1","P63000","2WKP"
"RAC1","P63000","2WKQ"
"RAC1","P63000","2WKR"
"RAC1","P63000","2YIN"
"RAC1","P63000","3B13"
"RAC1","P63000","3BJI"
"RAC1","P63000","3RYT"
"RAC1","P63000","3SU8"
"RAC1","P63000","3SUA"
"MCL1","Q07820","2KBW"
"MCL1","Q07820","2NL9"
"MCL1","Q07820","2NLA"
"MCL1","Q07820","2PQK"
"MCL1","Q07820","3D7V"
"MCL1","Q07820","3IO9"
"MCL1","Q07820","3KJ0"
"MCL1","Q07820","3KJ1"
"MCL1","Q07820","3KJ2"
"MCL1","Q07820","3KZ0"
"MCL1","Q07820","3MK8"
"MCL1","Q07820","3PK1"
"MCL1","Q07820","3TWU"
"ITK","Q08881","1SM2"
"ITK","Q08881","1SNU"
"ITK","Q08881","1SNX"
"ITK","Q08881","2E6I"
"ITK","Q08881","2YUQ"
"ITK","Q08881","3MIY"
"ITK","Q08881","3MJ1"
"ITK","Q08881","3MJ2"
"ITK","Q08881","3QGW"
"ITK","Q08881","3QGY"
"ITK","Q08881","3T9T"
"ITK","Q08881","3V5J"
"ITK","Q08881","3V5L"
"ITK","Q08881","3V8T"
"ITK","Q08881","3V8W"
"CDK7","P50613","1LG3"
"CDK7","P50613","1PA8"
"CDK7","P50613","1UA2"
"CDK7","P50613","2HIC"
"DHFR","P00374","1BOZ"
"DHFR","P00374","1DHF"
"DHFR","P00374","1DLR"
"DHFR","P00374","1DLS"
"DHFR","P00374","1DRF"
"DHFR","P00374","1HFP"
"DHFR","P00374","1HFQ"
"DHFR","P00374","1HFR"
"DHFR","P00374","1KMS"
"DHFR","P00374","1KMV"
"DHFR","P00374","1MVS"
"DHFR","P00374","1MVT"
"DHFR","P00374","1OHJ"
"DHFR","P00374","1OHK"
"DHFR","P00374","1PD8"
"DHFR","P00374","1PD9"
"DHFR","P00374","1PDB"
"DHFR","P00374","1S3U"
"DHFR","P00374","1S3V"
"DHFR","P00374","1S3W"
"DHFR","P00374","1U71"
"DHFR","P00374","1U72"
"DHFR","P00374","1YHO"
"DHFR","P00374","2C2S"
"DHFR","P00374","2C2T"
"DHFR","P00374","2DHF"
"DHFR","P00374","2W3A"
"DHFR","P00374","2W3B"
"DHFR","P00374","2W3M"
"DHFR","P00374","3EIG"
"DHFR","P00374","3F8Y"
"DHFR","P00374","3F8Z"
"DHFR","P00374","3F91"
"DHFR","P00374","3FS6"
"DHFR","P00374","3GHC"
"DHFR","P00374","3GHV"
"DHFR","P00374","3GHW"
"DHFR","P00374","3GI2"
"DHFR","P00374","3GYF"
"DHFR","P00374","3L3R"
"DHFR","P00374","3N0H"
"DHFR","P00374","3NTZ"
"DHFR","P00374","3NU0"
"DHFR","P00374","3NXO"
"DHFR","P00374","3NXR"
"DHFR","P00374","3NXT"
"DHFR","P00374","3NXV"
"DHFR","P00374","3NXX"
"DHFR","P00374","3NXY"
"DHFR","P00374","3NZD"
"DHFR","P00374","3OAF"
"DHFR","P00374","3S3V"
"DHFR","P00374","3S7A"
